"","cell.barcodes","pseudotime.vec","pseudocell.bin"
"1","AAACCAACACCTCACC.1",0.486587677890381,30
"2","AAACCGAAGCCACAAT.1",0.643204990813723,52
"3","AAACCGAAGGAGTCGG.1",0.236698295747403,12
"4","AAACGGATCCCTCGCA.1",0.599307834896075,44
"5","AAACGGATCGTGCCTT.1",0.561409768697563,38
"6","AAAGCACCATCATGTG.1",0.388338798049821,25
"7","AAAGCCGCACAAAGAC.1",0.157774288358211,6
"8","AAAGCGGGTAATCGGC.1",0.356703595978223,23
"9","AAAGCGGGTTTGTGGA.1",0.621387320817391,48
"10","AAAGCTTGTTGAGCCG.1",0.477643180064058,29
"11","AAAGGAGCAAGATTCT.1",0.795131278661066,68
"12","AAAGGAGCAATTTGGT.1",0.179997476143075,8
"13","AAAGGCTCAGTAATAG.1",0.60230307892723,44
"14","AAATCCGGTCAAGTAT.1",0.996994242441846,80
"15","AAATCCGGTCTTTATG.1",0.253668915556509,14
"16","AAATGCCTCCTCACTA.1",0.0398229300677048,1
"17","AAATGGCCACCCACAG.1",0.688676924383218,59
"18","AACAAAGGTACGATTG.1",0.427653800464724,27
"19","AACAAGCCATGTCGCG.1",0.559225553425815,37
"20","AACAGCAAGCTGTCAG.1",0.310398088353505,20
"21","AACAGGATCCAAGTTA.1",0.735530754271528,64
"22","AACAGGATCGCTATGG.1",0.597739277123041,43
"23","AACATAGCAATGCCCG.1",0.572050244192028,39
"24","AACCCGCAGTAACAGG.1",0.500379697483634,31
"25","AACCGGCTCATCCTAT.1",0.181916670097657,8
"26","AACCTTAAGCCAGGTC.1",0.531923794658291,34
"27","AACCTTAAGGTCCGTA.1",0.330034090274047,21
"28","AACCTTGCAGCATGAG.1",0.4802234603337,30
"29","AACGCCCAGACAAACG.1",0.164993546727545,6
"30","AACGCTAGTGAGCGAA.1",0.49770128122747,31
"31","AACGGTAAGCGCTCAA.1",0.631683154119064,50
"32","AACTACTCAGAGGCTA.1",0.0592831141563701,1
"33","AACTAGTGTTACGCGG.1",0.303152343853538,19
"34","AACTAGTGTTTGTCTA.1",0.384209850125806,25
"35","AACTGTTCATAAAGCA.1",0.267511093614649,16
"36","AACTTAGTCTCCATGC.1",0.253690034154519,14
"37","AACTTAGTCTGCAACG.1",0.890966664998807,76
"38","AAGAACAGTGTCCAGG.1",0.21129057457056,10
"39","AAGAATCAGGGACCTC.1",0.490463056488732,30
"40","AAGAATCAGTGGACAA.1",0.580986034150525,41
"41","AAGACATAGATAACCC.1",0.850037222724027,73
"42","AAGACATAGCTTGCTC.1",0.596289988488277,43
"43","AAGACATAGGAGCACG.1",0.304748072420785,20
"44","AAGACCAAGTAACGAG.1",0.584991042222093,41
"45","AAGCAAGTCTAAGGTC.1",0.735140938644452,64
"46","AAGCCACGTCCGTGAG.1",0.428213436560232,27
"47","AAGCCTGTCTGTGCCT.1",0.816689165002031,70
"48","AAGCCTTAGTGAGCGG.1",0.405011375930144,25
"49","AAGCGAATCAAGCTAC.1",0.298122614557634,19
"50","AAGCGAGGTAAACAAG.1",0.79797505045413,68
"51","AAGCGAGGTCACAGAC.1",0.545446842220663,36
"52","AAGCGCTGTACTGAAT.1",0.777097349565671,67
"53","AAGCGCTGTTAGCCAA.1",0.770340740502876,66
"54","AAGCGCTGTTGTAAAC.1",0.454485407357701,28
"55","AAGCGCTGTTTGCTGT.1",0.713996282211608,62
"56","AAGCGGGTCACAGGAA.1",0.651295807429926,53
"57","AAGCGTTTCCATCAGG.1",0.0659471582769277,2
"58","AAGGATGTCAAACACC.1",0.170558706518788,7
"59","AAGGATTAGGATTGAG.1",0.361878231880546,24
"60","AAGGCCCTCTTAGTGA.1",0.260403545153167,15
"61","AAGGTATAGCGATAAG.1",0.625546803029488,49
"62","AAGGTATAGGGACCTC.1",0.670386170482433,56
"63","AAGGTCAAGCCTGGTA.1",0.55881970011446,37
"64","AAGGTCAAGGGTGAGT.1",0.658067229908266,55
"65","AAGGTGCAGGAGTCGG.1",0.310777555989227,20
"66","AAGGTGCAGTAACAGG.1",0.71521648708842,62
"67","AAGTCTATCTTAGTGA.1",0.702624655956873,60
"68","AAGTGAAGTCTTTGAC.1",0.579952377900482,41
"69","AAGTTACGTAAAGCGG.1",0.645147858398406,52
"70","AAGTTAGCAATTGAAG.1",0.863456912066891,74
"71","AATAGAGGTAATGGCC.1",0.450472211092426,28
"72","AATAGAGGTGGATTGC.1",0.0959819692225117,3
"73","AATAGAGGTTAGCCAA.1",0.728288463151407,63
"74","AATCATGTCTAAATCG.1",0.832403492587148,71
"75","AATCCATCATTTAAGC.1",0.644082315591521,52
"76","AATCCGTAGACAACAG.1",0.904247643468838,76
"77","AATCCGTAGTACTGGT.1",0.276886718697881,17
"78","AATCCTAAGACAACGA.1",0.686837391999483,58
"79","AATCGCCCATAATCAC.1",0.647227323209959,53
"80","AATCGCCCATAATGAG.1",0.750199684617424,65
"81","AATGAAGGTGCTAGAC.1",0.651479587147358,53
"82","AATGAAGGTGGATTGC.1",0.621721028889286,48
"83","AATGCATGTTAGCCAA.1",0.699469253388507,60
"84","AATGCGCGTGCTTTAC.1",0.336701624622771,22
"85","AATGGCGCAGGCCAAA.1",0.516279726808057,33
"86","AATGTCATCATCCACC.1",0.146769656664789,5
"87","AATGTCATCATGGCTG.1",0.420095423794838,26
"88","AATGTCCAGAAGGTGC.1",0.522956022522043,33
"89","AATGTCCAGCCTCTCG.1",0.581828393419785,41
"90","AATGTCCAGTTAGCCG.1",0.414379375213457,26
"91","AATGTCCAGTTGCGTG.1",0.870982814774232,74
"92","AATTACCCAAGCTTAT.1",0.566449444368858,39
"93","AATTACCCAAGGACCA.1",0.682884643998302,58
"94","AATTACCCACAATTAC.1",0.0926651965728336,3
"95","AATTAGCGTTTGCGAA.1",0.346445233902368,22
"96","AATTAGGCACTTCATC.1",0.623723169230372,48
"97","AATTCGTCAAATGCCC.1",0.418956236431172,26
"98","AATTGGGAGCCGCTTT.1",0.642969449311972,52
"99","AATTGTGTCCTGATGG.1",0.168618090853374,7
"100","AATTGTGTCCTTCAAT.1",0.810853711770137,69
"101","AATTGTGTCGCAACAT.1",0.700492682956737,60
"102","AATTTCCTCAATGTGC.1",0.952349780189984,80
"103","AATTTCCTCTTGAGGT.1",0.55595139511377,37
"104","ACAAACTGTGCGCAAT.1",0.53688747695105,35
"105","ACAAAGGTCCATAAGC.1",0.938789508184534,79
"106","ACAAAGGTCCGTAAAC.1",0.219146006495072,11
"107","ACAACAACACCCACCT.1",0.782336086276686,67
"108","ACAACAGAGTCACGAT.1",0.890986047132701,76
"109","ACAACATGTGTTTGTC.1",0.604577896343719,45
"110","ACAACATGTTTCCGGC.1",0.22326317472994,11
"111","ACACAATGTTCAAGCA.1",0.694967465814728,59
"112","ACACCTTGTCAATACG.1",0.195904928431344,9
"113","ACACTAATCCAGGGAG.1",0.672546743083557,56
"114","ACACTTGCAAAGCCTC.1",0.480787229668137,30
"115","ACACTTGCAACATAAG.1",0.25918905803196,15
"116","ACACTTGCACAGCCAT.1",0.541880339973044,35
"117","ACACTTGCAGTAGGAT.1",0.262120403695053,15
"118","ACAGGATCATAGACTT.1",0.282950404457923,17
"119","ACAGGCTGTGCGCAAT.1",0.674013836330491,57
"120","ACAGGCTGTTATGTGG.1",0.77530236761958,67
"121","ACAGGTAAGGTCAAAG.1",0.354123234579968,23
"122","ACAGGTAAGTAAGAAC.1",0.750324140816591,65
"123","ACATTAGTCCACCTGT.1",0.824478470191489,71
"124","ACATTGCAGGAGCACG.1",0.352364611974616,23
"125","ACATTGCAGTCACCAG.1",0.617276838519836,47
"126","ACCAAACTCGGGACCT.1",0.121906895135835,4
"127","ACCAAGTTCACGAATC.1",0.485659688016437,30
"128","ACCAAGTTCGCAACAT.1",0.068442586794228,2
"129","ACCAAGTTCTTGACCC.1",0.427489881722374,27
"130","ACCACACCAGCCTAAC.1",0.497689549253998,31
"131","ACCACATAGCTCCCTG.1",0.0942514508770353,3
"132","ACCACATAGGCTGTCA.1",0.0914782444541175,3
"133","ACCACATAGTAGCCAT.1",0.202293315625222,9
"134","ACCAGCTCATAATCGT.1",0.724758461155202,63
"135","ACCATAATCCAGGAAA.1",0.281231773733215,17
"136","ACCATTAAGTTATGTG.1",0.587747196041882,42
"137","ACCCGGTAGACAAGTG.1",0.475401335520402,29
"138","ACCCGTAAGAAGGTGC.1",0.622347091413156,48
"139","ACCCGTAAGTAGCGCC.1",0.841017186762355,72
"140","ACCCTGTTCTGTAAGC.1",0.0789933857849128,2
"141","ACCGAAGCACAACCTA.1",0.565267390654943,38
"142","ACCGGCTAGTTCCTGC.1",0.893879331836115,76
"143","ACCTGGTCATGTCGCG.1",0.553685891457035,37
"144","ACCTTCATCCTTGTTG.1",0.12114821170935,4
"145","ACCTTCCAGAGCAAGC.1",0.640168735878427,51
"146","ACCTTCCAGCACGTTG.1",0.183664481946325,8
"147","ACCTTGTGTTTATGGG.1",0.514952060782999,33
"148","ACGAATCTCAGGAACA.1",0.83049200026711,71
"149","ACGAGTAAGAGGAAGG.1",0.590192828725272,42
"150","ACGAGTAAGTTAGAGG.1",0.541652192223837,35
"151","ACGATTCAGCTGTAAC.1",0.624946564413636,48
"152","ACGCAAGCAGCATTAT.1",0.574981043817425,40
"153","ACGCAAGCATAAGGAC.1",0.655107669889304,54
"154","ACGCCACAGGAAGTAT.1",8.15793273334811,80
"155","ACGCCTAAGGCCATCA.1",0.0587561423732473,1
"156","ACGCCTAAGTCATTAG.1",0.698517709199458,60
"157","ACGGTACGTCCTTCAG.1",0.891232056703762,76
"158","ACGGTTTAGAAGGTGC.1",0.646841709300438,53
"159","ACGGTTTAGGAACACA.1",0.680781019057724,58
"160","ACGTACCCAGTAAAGC.1",0.260916905024753,15
"161","ACGTCCTTCACCATTT.1",0.740064581354358,64
"162","ACGTCCTTCACTTTAC.1",0.434259156488351,27
"163","ACGTCCTTCGGGATTT.1",0.589253590218589,42
"164","ACGTCCTTCTGTGCCT.1",0.737541058427907,64
"165","ACGTTACAGCCTCTGT.1",0.196537790071977,9
"166","ACGTTGTAGGGATGCG.1",0.557013685581889,37
"167","ACTAATCCATGGCCTG.1",0.059915134396337,1
"168","ACTAGGCGTATTTGCC.1",0.724542939099966,63
"169","ACTATCCGTTGAAGCC.1",0.241928784411037,13
"170","ACTATGTCAAATTGCT.1",0.592229387903715,42
"171","ACTCGCGCACCAAAGG.1",0.617116113971091,47
"172","ACTCGCGCAGGCATCT.1",0.815803979271238,70
"173","ACTCGCTTCACTAAGC.1",0.397933698369632,25
"174","ACTGAAACAAGCTTAT.1",0.155752504345589,6
"175","ACTGAATGTAGCCATA.1",0.531244415821815,34
"176","ACTGAATGTTACTAGG.1",0.55707923933561,37
"177","ACTGAATGTTAGTTGG.1",0.481362648098987,30
"178","ACTTAGGGTGAGCGAA.1",0.316535381740553,20
"179","ACTTAGGGTTAGGATT.1",0.464976026634108,28
"180","ACTTAGTCACGTTACA.1",0.89021376867558,75
"181","ACTTATCTCAGGTTTA.1",0.534812555091524,35
"182","ACTTATGAGCGCATTG.1",0.476274277973658,29
"183","ACTTATGAGTGTTGTA.1",0.269468627352013,16
"184","ACTTCGCTCAGCACCA.1",0.137186758671556,5
"185","ACTTGAATCAATCATG.1",0.416281580570383,26
"186","ACTTGTAAGTCAGTAC.1",0.568328152325544,39
"187","ACTTTGTTCAAGCTAC.1",0.329464898307127,21
"188","AGAAAGGCACATACTG.1",0.236107307200091,12
"189","AGAAAGGCAGGGAGGA.1",0.603322818575945,44
"190","AGAACAAGTTGCGGAT.1",0.643993620574009,52
"191","AGAACCAAGCATGACT.1",0.530874874364327,34
"192","AGAACCAAGTTCCTCA.1",0.0805456861563204,2
"193","AGAACCGCATTATGCG.1",0.479554340852556,29
"194","AGAAGGTGTTAGACCA.1",0.708910569291339,61
"195","AGAATCGAGCACCACA.1",0.0378823625226744,1
"196","AGAATCGAGCTATTGA.1",0.0368102784598963,1
"197","AGAATCTGTGTTGTGA.1",0.729858422540086,63
"198","AGAATCTGTTGGTTCT.1",0.69040747618981,59
"199","AGACAATAGATAGACG.1",0.680535324089293,58
"200","AGACAATAGGCATTGT.1",0.329289921930788,21
"201","AGACACGCAGAAATTG.1",0.650364550372716,53
"202","AGACTATGTAAGCTCA.1",0.642199764449228,51
"203","AGAGATTAGAGAGGAG.1",0.275165284469655,16
"204","AGAGATTAGGGTGAGT.1",0.522531618727538,33
"205","AGAGGAACAAGGTGGC.1",0.820842359377408,70
"206","AGAGGAACACCGGTAT.1",0.541174394175833,35
"207","AGATGCTTCAATGACC.1",0.224728585895605,11
"208","AGCAAATAGTAGCTTA.1",0.0513381593043385,1
"209","AGCAACAAGCGAGTAA.1",0.556745314323391,37
"210","AGCAACAAGGTCTTGG.1",0.319621172653895,21
"211","AGCAAGGGTACCGGAT.1",0.30018782599325,19
"212","AGCAAGGGTCCTAGTT.1",0.695679144988055,60
"213","AGCAAGGGTTTAGCTC.1",0.416650734545788,26
"214","AGCAATACAATAGCAA.1",0.51141978104419,32
"215","AGCACTTAGAAGCTAG.1",0.904513354800457,76
"216","AGCACTTAGGTACCGC.1",0.741164506248715,64
"217","AGCACTTAGTCATGCG.1",0.206924897351637,10
"218","AGCAGGTAGTCACCAG.1",0.179283348467741,8
"219","AGCATCCCAGTTTCTC.1",0.666819382279667,56
"220","AGCATCCCATAAAGCA.1",0.287991508115718,18
"221","AGCCGCTAGTTCCCGT.1",0.138901612781051,5
"222","AGCCGGTTCAAACCTA.1",0.554790883531284,37
"223","AGCCGGTTCCTCGATC.1",0.559060839770928,37
"224","AGCCGGTTCTGCAACG.1",0.156535591634581,6
"225","AGCGCCTAGGCCTGGT.1",0.888862408497783,75
"226","AGCGGACCACAACAGG.1",0.634348691685889,50
"227","AGCGGATAGGGTGAGT.1",0.209903413906061,10
"228","AGCTACGTCCTTGCGT.1",0.706184207160674,61
"229","AGCTATATCATTACAG.1",0.532543137396361,34
"230","AGCTATATCGGTTACG.1",0.606775298537753,45
"231","AGCTATATCTAGCTAA.1",0.287608316405486,18
"232","AGCTCATAGGATGATG.1",0.238606424283039,12
"233","AGCTTAATCAGCAAAG.1",0.66555377051252,56
"234","AGCTTAATCCGCCAAA.1",0.713579317587779,62
"235","AGCTTAATCTTGTCTG.1",0.519198018551035,33
"236","AGCTTCCTCTGTAAGC.1",0.157270028459176,6
"237","AGCTTGGTCGTTTCGC.1",0.398445597340681,25
"238","AGCTTTAAGAGAGGCT.1",0.799626438748287,68
"239","AGCTTTAAGGGCTAAA.1",0.951255033184909,79
"240","AGCTTTAAGTTAGGCT.1",0.870710165793355,74
"241","AGGAAACGTGTTTGAG.1",0.618677212300251,47
"242","AGGAACCAGTTTAACG.1",0.508383162991502,32
"243","AGGACGTAGTAGCTTA.1",0.673058474430783,56
"244","AGGACTAAGGTAGCTT.1",0.618915498054946,47
"245","AGGAGCTAGTGTTGCG.1",0.655278344897975,54
"246","AGGATATAGGAGCAAC.1",0.587272310285536,42
"247","AGGATCCGTAAGCTCA.1",0.541147016858989,35
"248","AGGATGCAGTCAGGCC.1",0.417631316556037,26
"249","AGGATTGAGTTTGTCT.1",0.329088789603327,21
"250","AGGCAATCATTATGAC.1",0.698038203010377,60
"251","AGGCAGGTCCGTTATT.1",0.680020148861465,58
"252","AGGCAGGTCTAAGTGC.1",0.716638746180439,62
"253","AGGCGGATCACATTGA.1",0.630300883151487,49
"254","AGGCGGATCATCAGTA.1",0.610701584559571,45
"255","AGGCGGATCCTAATGA.1",0.194612359685504,9
"256","AGGCTAAAGTGAACCT.1",0.656982092399217,54
"257","AGGCTAGCAACAGGTG.1",0.700067219832446,60
"258","AGGGCCTTCTAATCAG.1",0.811945970493821,70
"259","AGGGCTACAAAGCGGC.1",0.211456469674303,10
"260","AGGGCTACAGGCAAGC.1",0.501710801288309,31
"261","AGGGTTGCATAGACCC.1",0.578039876241839,40
"262","AGGGTTGCATTGCAGC.1",0.583724197133693,41
"263","AGGTAACCAGTCTAAT.1",0.490955511867047,31
"264","AGGTATTGTCCAAGAC.1",0.632293476309924,50
"265","AGGTATTGTCCGGTTC.1",0.191859258097512,9
"266","AGGTATTGTTAATGCG.1",0.245314678607782,13
"267","AGGTCAAAGCAAGGTA.1",0.2972746632,19
"268","AGGTCAAAGGATAAAC.1",0.690922580332975,59
"269","AGGTCATTCCTGGCTT.1",0.622094863887353,48
"270","AGGTGAGGTTCCTGAT.1",0.530860674882991,34
"271","AGGTTACTCGTTTCTG.1",0.350378754682673,23
"272","AGGTTGCGTAATCGGC.1",0.548409127184144,36
"273","AGGTTGCGTACGTTTC.1",0.296435979316255,19
"274","AGTAAACAGCCTGAGC.1",0.670158741772042,56
"275","AGTAACACAGGAAGCC.1",0.599570719379062,44
"276","AGTAACCTCCTAGTCC.1",0.624180066757353,48
"277","AGTAACGAGGTCATTA.1",0.172690955305824,7
"278","AGTAATGCAGCTACGT.1",0.359937155735938,23
"279","AGTAGCTTCCAATTAG.1",0.677647841561048,57
"280","AGTAGCTTCGTCATTT.1",0.375292516504225,24
"281","AGTAGCTTCTTAGCGG.1",0.640256087660959,51
"282","AGTAGGATCAATCATG.1",0.0714186362944895,2
"283","AGTCAAGAGGAGGACT.1",0.0997366363034665,3
"284","AGTCCTTGTAGCTAAT.1",0.799622826315161,68
"285","AGTCCTTGTGATCATG.1",0.746500154704003,65
"286","AGTCCTTGTTACGCAA.1",0.24380282148058,13
"287","AGTCGCATCGCGACAC.1",0.487476094350288,30
"288","AGTCTTGCACTAAATC.1",0.58631220491274,41
"289","AGTGAGTCAAGGGTTG.1",0.756193402591026,65
"290","AGTGATGAGGAGGCAT.1",0.294921981800115,18
"291","AGTGATGAGGTGCTGC.1",0.794764472304703,68
"292","AGTGATGAGTAAGTGG.1",0.639638204876184,51
"293","AGTGATGAGTTCCCGT.1",0.65741045712706,54
"294","AGTGCCGGTTGTAAAC.1",0.302434086221288,19
"295","AGTGCGGAGGACAATG.1",0.844048665162842,72
"296","AGTGGACAGGTCTTGG.1",0.590805613701368,42
"297","AGTGTGGCAGAGGGAG.1",0.342475208606932,22
"298","AGTGTTTCAGCATGGA.1",0.640835841114099,51
"299","AGTTACATCCAATTAG.1",0.698853528136298,60
"300","AGTTACATCGTAATCA.1",0.642270597879982,52
"301","AGTTACTCAACTAGAA.1",0.247081681919625,13
"302","AGTTACTCACGGTTTA.1",0.0931533741860824,3
"303","AGTTACTCAGCACCAT.1",0.934638458686361,79
"304","AGTTATGTCTTGCATT.1",0.631158403475613,49
"305","AGTTGCAGTAGTAAGA.1",0.825043246619482,71
"306","AGTTGCAGTTGCATCT.1",0.263940445216202,15
"307","AGTTGTCAGCTCCCTG.1",0.652103090819362,53
"308","AGTTTGATCAATTACG.1",0.153005158766853,5
"309","AGTTTGATCATTACTC.1",0.173710987199278,7
"310","AGTTTGATCGGTCAGC.1",0.243561291799849,13
"311","AGTTTGCAGTTCCTGC.1",0.41118415933803,26
"312","ATAACGACACTTCATC.1",0.0351768078661418,1
"313","ATAACGACATCATGGC.1",0.888698671347981,75
"314","ATAAGCCTCTTAGCGG.1",0.594582350395131,43
"315","ATAAGCCTCTTGCAAA.1",0.549635277095453,36
"316","ATACCGGTCGATTCTT.1",0.208358789262304,10
"317","ATACCTGCACTAGCGT.1",0.787602680253445,67
"318","ATAGCATGTGCGCAAT.1",0.860360025865944,74
"319","ATATAGGCAAAGGTAC.1",0.499047170933386,31
"320","ATATAGGCACCAACCG.1",0.560352806977113,38
"321","ATATAGGCACGGTACT.1",0.0934087403417678,3
"322","ATATAGGCAGAAATGC.1",0.490810389181833,30
"323","ATATGCATCATCACTT.1",0.296394969357543,19
"324","ATATGCATCGAAGTGA.1",0.643870684346055,52
"325","ATATGCATCGAGGAGT.1",0.275540817576318,16
"326","ATATGCATCTCGACCT.1",0.717138342806699,63
"327","ATATGCTCACGTAATT.1",0.346275956682612,22
"328","ATATGCTCATCATGTG.1",0.738991994076488,64
"329","ATATGGTGTAAGTCGC.1",0.870919594667951,74
"330","ATATGTCCACCGTTCC.1",0.674669445135285,57
"331","ATCAAGCTCAGGTCCA.1",0.301425784472108,19
"332","ATCAAGCTCCAACTGG.1",0.255021440640188,14
"333","ATCAAGCTCCGCAACA.1",0.533095782975801,35
"334","ATCACCCTCAGGGCCT.1",0.660214085936362,55
"335","ATCACCCTCCAGGAAA.1",0.235849512013882,12
"336","ATCACCCTCCCGAAGC.1",0.577594014652865,40
"337","ATCAGGTTCAAGTGAG.1",0.550227663771152,36
"338","ATCAGGTTCAATTACG.1",0.738490194010768,64
"339","ATCATCAAGAGAGCCG.1",0.257539803995367,15
"340","ATCATCAAGGCGCTTA.1",0.339472220543944,22
"341","ATCATCAAGGGATGCG.1",0.501558737220943,31
"342","ATCCACCTCGTTAGCG.1",0.7401798712314,64
"343","ATCCTGACATTAAGCT.1",0.678724970590035,57
"344","ATCCTTAGTACCTTAC.1",0.944038599661514,79
"345","ATCGAGGCAGCATGGA.1",0.713194832269541,62
"346","ATCTATGAGTCAATCA.1",0.599446151473294,44
"347","ATGAAGCCACTCAACA.1",0.635153267970635,50
"348","ATGAAGCCATGAAATG.1",0.309287052793729,20
"349","ATGAAGCCATTCCTGT.1",0.747504874869779,65
"350","ATGACAACAAACTCAT.1",0.162904627988455,6
"351","ATGACCAGTCGCAAAC.1",0.579867103505222,41
"352","ATGACCAGTGTTGCTT.1",0.561926199375397,38
"353","ATGACGAAGCATTATG.1",0.613046550452139,46
"354","ATGACGAAGGCAAGTA.1",0.742957269658504,64
"355","ATGACTCAGGTCCACA.1",0.574305223851656,40
"356","ATGACTCAGTGAGGTA.1",0.745068946771939,65
"357","ATGAGCCGTCCTAATC.1",0.635985262884152,50
"358","ATGATGACAAACTAAG.1",0.813024802925494,70
"359","ATGATGGAGGCAAGTA.1",0.185754252014431,8
"360","ATGATGGAGTTATTCC.1",0.829105875946112,71
"361","ATGCAAACACTGGCTG.1",0.705086425900793,61
"362","ATGCAGGCATAATCCG.1",0.56753693736822,39
"363","ATGCCTGAGGAACGGT.1",0.383821437815807,25
"364","ATGGCCCAGATGCCTG.1",0.717297805059851,63
"365","ATGGCCCAGCATGCAT.1",0.744839401721213,65
"366","ATGGCCCAGTCATCCC.1",0.478867045973573,29
"367","ATGGCCCAGTGAGGTA.1",0.238421708032371,12
"368","ATGGCTAGTTGGATAT.1",0.63019319634341,49
"369","ATGGCTTAGCGCATTG.1",0.876520944979218,74
"370","ATGGCTTAGTTATTCC.1",0.809214125999585,69
"371","ATGGTCTAGCTAATTG.1",0.529046319970385,34
"372","ATGGTGCGTCAAAGAA.1",0.677026957322495,57
"373","ATGGTGCGTCCAAATG.1",0.716410776579101,62
"374","ATGGTGCGTCTCAGCC.1",0.782591241085141,67
"375","ATGGTTATCAATACGC.1",0.0708313263975409,2
"376","ATGGTTATCCTAGTCC.1",0.614075741716109,46
"377","ATGGTTATCTTGGACG.1",0.577789448910072,40
"378","ATGTCATCAACCCTCC.1",0.258348684977405,15
"379","ATGTCATCAGCTCAAC.1",0.276209347988205,17
"380","ATGTCCACAGGCATCT.1",0.264225022019884,15
"381","ATGTTCAAGCACAGAA.1",0.63171506828049,50
"382","ATGTTGTCATGTCGCG.1",0.647985125800431,53
"383","ATGTTTGAGAGAGCCG.1",0.657609354347118,55
"384","ATGTTTGAGGATGATG.1",0.156017224028474,6
"385","ATGTTTGAGTAAGTCC.1",0.611835323972869,46
"386","ATTACCGCACTCGCTC.1",0.612674582462592,46
"387","ATTACGTCAAACCTAT.1",0.617959422643211,47
"388","ATTACGTCATATTGAC.1",0.44414641437498,28
"389","ATTACTGAGGTGTCCA.1",0.645465990389116,52
"390","ATTACTGAGTAGCCAT.1",0.742393000417371,64
"391","ATTAGCGGTAAACAAG.1",0.35817809054593,23
"392","ATTAGCGGTCAAGACC.1",0.264057914957163,15
"393","ATTATCCTCAGTATTG.1",0.77727789634148,67
"394","ATTATGGTCATGTGGT.1",0.750616753627453,65
"395","ATTATGGTCGAGGTGG.1",0.182123887329046,8
"396","ATTCACTTCCAGGTCA.1",0.0599741626504577,1
"397","ATTCCGGAGACAGGCG.1",0.616210126441023,46
"398","ATTCCGGAGCTGAGGG.1",0.23900387207572,12
"399","ATTCCGGAGGACGTAA.1",0.289956188045817,18
"400","ATTCCTAGTTCCTCCT.1",0.351759194870932,23
"401","ATTGCGCCACTAGCGT.1",0.658722443933221,55
"402","ATTGGCTAGGATCCGC.1",0.665463538749236,55
"403","ATTGGTTCAGCTAATT.1",0.714311813401648,62
"404","ATTGGTTCATAGTCAT.1",0.8826266971521,75
"405","ATTGTCCGTTTAGTCC.1",0.912206384405136,77
"406","ATTGTGATCCTAAGTA.1",0.339217548456394,22
"407","ATTGTGATCGCCTAAG.1",0.371131034502082,24
"408","ATTTAGGTCCGTAAAC.1",0.663116954948685,55
"409","ATTTGCGCAAACGCGA.1",0.760034832173954,66
"410","ATTTGTGAGTTAGCTA.1",0.106264885243536,3
"411","CAAACAACAGTTATCG.1",0.488716889464368,30
"412","CAAACACTCGAGGAGT.1",0.216354495473172,11
"413","CAAACCGTCATTTGTC.1",0.915979629345009,77
"414","CAAACCGTCCCTCACG.1",0.811110613881504,69
"415","CAAACGCGTGTCACGG.1",0.850481946547771,73
"416","CAAACGCGTTACTTCA.1",0.826249168077766,71
"417","CAAACTGGTACGTTTC.1",0.252551475679739,14
"418","CAAACTGGTTAAGCGC.1",0.515016527921314,33
"419","CAAAGGATCACACAGT.1",0.751528773094567,65
"420","CAAAGGATCGATATTG.1",0.50369052399671,32
"421","CAAAGTGAGGAACACA.1",0.966011854585418,80
"422","CAACCCGCAACTAGCC.1",0.841257061778232,72
"423","CAACCCGCAAGACTCC.1",0.147760207701184,5
"424","CAACCCGCAGCAATAA.1",0.951697679669741,80
"425","CAACTAGGTCTCACTG.1",0.838209783238243,72
"426","CAAGCTAGTCTTACTA.1",0.802921068514576,69
"427","CAAGCTAGTCTTGCAT.1",0.135936268358471,5
"428","CAAGGCCTCCGGTTAG.1",0.663863682394781,55
"429","CAAGGCCTCGATAACC.1",0.527466220588286,34
"430","CAAGGCTGTTGTGACA.1",0.653059034773407,53
"431","CAAGTATGTCTCACTG.1",0.293666139235211,18
"432","CAAGTTATCAGCACCA.1",0.6787818891557,57
"433","CAAGTTATCATTACGA.1",0.570644129658412,39
"434","CAAGTTATCCGCTAGA.1",0.231815807305334,11
"435","CAAGTTATCCTTTACG.1",0.502396425830631,32
"436","CAATAAGCAAGTTATC.1",0.0430488707677664,1
"437","CAATAAGCACCAGCAT.1",0.873696165527269,74
"438","CAATAGCTCGTTCACC.1",0.493198857130625,31
"439","CAATATGTCCTTGTTG.1",0.375623779865899,24
"440","CAATCCCTCATTGACA.1",0.365455409974227,24
"441","CAATCCCTCCCGCATT.1",0.509650224408892,32
"442","CAATCTAAGACAAACG.1",0.348458348408993,23
"443","CAATCTAAGACTCGCA.1",0.239319818099236,12
"444","CAATCTAAGCCGCAGT.1",0.654496340429365,54
"445","CAATGAACACCGGCTA.1",0.248363387607659,14
"446","CAATGACTCGCAGGCT.1",0.469250230675105,29
"447","CAATGACTCTTGCAGG.1",0.688592697819939,59
"448","CAATGCCCAATCCTGA.1",0.568511747279289,39
"449","CAATGCCCATAGACTT.1",0.572898935776101,40
"450","CAATGCCCATTCCTCG.1",0.040646034023448,1
"451","CAATGTCAGCACTAGT.1",0.213953049705956,10
"452","CAATGTCAGTAACGGA.1",0.109736948699415,4
"453","CAATGTGGTTAACACG.1",0.522341313995455,33
"454","CACAAGCGTCTTTGAC.1",0.281354587987221,17
"455","CACAATATCACCATTT.1",0.80356956855256,69
"456","CACAGGGAGTCGCAAT.1",0.685370252468178,58
"457","CACAGGGAGTGAGCGG.1",0.531836437393634,34
"458","CACATAATCAAGGACA.1",0.655535170343099,54
"459","CACATAATCCGTTAAA.1",0.243842205465402,13
"460","CACATAATCCTCACTA.1",0.248819550533087,14
"461","CACATACAGGTGCTGC.1",0.653137538449977,53
"462","CACATTAAGACTCGCA.1",0.690919844099244,59
"463","CACCGGTAGCGCCTAA.1",0.83575084718571,72
"464","CACCGGTAGGCTGTGC.1",0.506808271418214,32
"465","CACCTCAGTGCAACTA.1",0.488424719745136,30
"466","CACCTCAGTTTACGTC.1",0.930530071058857,78
"467","CACTAAGGTAAGGTTT.1",0.627764459079628,49
"468","CACTAAGGTAGGTTAT.1",0.651058888734025,53
"469","CACTAAGGTCCTTTAA.1",0.474083188175013,29
"470","CACTAGCCATGCTTAG.1",0.929642801037885,78
"471","CACTGACCACATACTG.1",0.656485648258309,54
"472","CACTGACCACTGGCTG.1",0.245995448116381,13
"473","CACTGACCAGGGAGGA.1",0.642646407176071,52
"474","CACTGACCATGGCCCA.1",0.25999418354893,15
"475","CACTTTGTCCTCCTAA.1",0.650789767269401,53
"476","CAGAACCGTCGCATAA.1",0.238907547374914,12
"477","CAGAACCGTTTATCGC.1",0.207179476752794,10
"478","CAGATTCAGTGTTGTA.1",0.793552540430128,68
"479","CAGCATGTCATTAGCA.1",0.31158881156427,20
"480","CAGCATGTCCGGGACT.1",0.671953878034171,56
"481","CAGCATTAGGTCCACA.1",0.777965217478429,67
"482","CAGCATTAGTTTCCTG.1",0.685193489197111,58
"483","CAGCCAATCAGTTCCC.1",0.689222742333721,59
"484","CAGCCAATCCTAAGTA.1",0.192314954633835,9
"485","CAGCCTTTCAAATCGC.1",0.363973287981662,24
"486","CAGCTATAGTGCACGC.1",0.213053383988618,10
"487","CAGGAAGGTAATGGAA.1",0.563133841514928,38
"488","CAGGAAGGTGGATTGC.1",0.595268237483592,43
"489","CAGGACACACGAACAG.1",0.869842974335598,74
"490","CAGGACCTCGCACACA.1",0.933937455087011,79
"491","CAGGCTATCAATCATG.1",0.443889264300812,28
"492","CAGGCTATCATCACTT.1",0.79007459729377,68
"493","CAGGCTATCTTGACCC.1",0.0851207400320275,3
"494","CAGGCTATCTTTAAGG.1",0.944905687770812,79
"495","CAGGGCTTCCCGTTAC.1",0.477085019564482,29
"496","CAGGGTGAGCTTAACA.1",0.777449849346783,67
"497","CAGGTCCAGCTCATAA.1",0.857131030275168,74
"498","CAGGTCCAGTAACGGA.1",0.70114672639313,60
"499","CAGGTGGAGAGGAGTC.1",0.589385309166764,42
"500","CAGGTGGAGGGACCTC.1",0.238155581484826,12
"501","CAGGTGGAGGGATGAC.1",0.602733047924646,44
"502","CAGGTTAGTACAATGT.1",0.140885414065312,5
"503","CAGGTTAGTTGTAACG.1",0.212942508258987,10
"504","CAGGTTAGTTTATTCG.1",0.560286028321708,38
"505","CAGGTTTAGAGGCTAA.1",0.636361392926181,50
"506","CAGTACCCACTTAGGC.1",0.187303510520848,8
"507","CAGTATGGTCATGCAA.1",0.869918670483327,74
"508","CAGTATGGTGATGGCT.1",0.279788100506635,17
"509","CATAACGGTACCAGGT.1",0.208298651878671,10
"510","CATAATCCAAATGCCC.1",0.481844501118491,30
"511","CATAATCCAGTATGTT.1",0.188385200805637,9
"512","CATAGCTAGAGCAAGC.1",0.182032547495245,8
"513","CATAGGCGTACGATTG.1",0.580052419989301,41
"514","CATAGGTTCGTAACGT.1",0.519090278845119,33
"515","CATATCGCAGCTCAAC.1",0.124923935846499,4
"516","CATCAATCATTGCAGC.1",0.612488479805505,46
"517","CATCACACACTAAATC.1",0.895285101615829,76
"518","CATCAGCCAACGTGCT.1",0.879270410397799,75
"519","CATCAGCCAGCATGGA.1",0.115631568831051,4
"520","CATCATAAGTTATCCT.1",0.800386868972034,69
"521","CATCATGCAGGCAAGC.1",0.770836519109152,67
"522","CATCATGCAGGTTTGC.1",0.812906269328047,70
"523","CATCATGCAGTAAAGC.1",0.951827199884222,80
"524","CATCATGCATAATCGT.1",0.881245710128701,75
"525","CATCATGCATCCATCT.1",0.73334389480618,64
"526","CATCCTCAGGCTAGAA.1",0.114443562468947,4
"527","CATCCTGGTAATAGCT.1",0.596491520711289,43
"528","CATCCTGGTGTTGTGA.1",0.592470191372333,42
"529","CATCCTTCAATATACC.1",0.184153791440665,8
"530","CATCGCTTCGTTAACA.1",0.60755933039247,45
"531","CATGCAAGTAATGACT.1",0.564148832824644,38
"532","CATGCAAGTTCCAGGG.1",0.852787361588744,73
"533","CATGCATAGTGTGATC.1",0.313594562708468,20
"534","CATGGATTCCCTCAAC.1",0.68165058966804,58
"535","CATGGATTCGCTAAAC.1",0.0951416309218304,3
"536","CATGGCGGTTGCTTCG.1",0.298870189301215,19
"537","CATTATCTCGCTAAAC.1",0.568590241909069,39
"538","CATTGCGAGCCTGTGA.1",0.275701047464938,17
"539","CATTGTAAGCTAGAAG.1",0.281451256985343,17
"540","CATTGTGCAAACGCGA.1",0.914516852603405,77
"541","CATTTGTTCCTCGATC.1",0.165766717857577,7
"542","CCAAACCCAGGCTTCG.1",0.55206044081648,37
"543","CCAAATCAGCACGATT.1",0.516399978677218,33
"544","CCAACATAGTAATCCA.1",0.269598347543275,16
"545","CCAATATCAACCCTAA.1",0.161095918005735,6
"546","CCACAATAGAAGCTAG.1",0.575836520656701,40
"547","CCACAGGGTTGAGGTC.1",0.831662568147801,71
"548","CCACTTGGTTGAGCCG.1",0.664825535903112,55
"549","CCAGACTCACTGGCCA.1",0.315412087714386,20
"550","CCAGCCTGTCAAAGGG.1",0.284222966194313,18
"551","CCAGCCTGTTGCTGGG.1",0.641555628751574,51
"552","CCAGCTAAGTGATTCA.1",0.705563524508891,61
"553","CCAGGAACAATTGCGC.1",0.617861208475164,47
"554","CCAGTTTGTTGTTGGA.1",0.851764466945838,73
"555","CCATAAATCTAATTGG.1",0.336023144236945,22
"556","CCATAATCACATAACT.1",0.0657106535640891,1
"557","CCATAGCCATGCTATG.1",0.560295234830977,38
"558","CCATCATGTAAGCTTG.1",0.915737228914948,77
"559","CCATCATGTCGTTACT.1",0.378603735151303,25
"560","CCATCATGTTGCTTCG.1",0.665160831349207,55
"561","CCATTGTGTATTGCAG.1",0.567898900466178,39
"562","CCCAAATAGCTGTACG.1",0.240654093522187,13
"563","CCCAAATAGTCATTAG.1",0.494909929121304,31
"564","CCCAACCGTGTTTGAG.1",0.629340968304555,49
"565","CCCAATTGTCTTGCTG.1",0.416919069028415,26
"566","CCCAATTGTGGCTTCC.1",0.0446910122094646,1
"567","CCCAGCACAGCCGCTA.1",0.375817487098489,24
"568","CCCAGTTTCCTTAATC.1",0.331191724275845,21
"569","CCCATAACAGGCTGTT.1",0.60170357018992,44
"570","CCCGCTTCAAACCCTA.1",0.245642093392551,13
"571","CCCGCTTCAATGCCCG.1",0.54785777523093,36
"572","CCCGTAAAGGTTAGAG.1",0.674833644799973,57
"573","CCCTAATGTTGCATCT.1",0.103413207776817,3
"574","CCCTCACCATTGTCCT.1",0.854392016922853,73
"575","CCCTCATAGCTAATTG.1",0.729198766583243,63
"576","CCCTCATAGTCACTCC.1",0.613628205870033,46
"577","CCCTGTTAGCACAGGG.1",0.281031171113805,17
"578","CCCTGTTAGGTGAAAT.1",0.201148764613251,9
"579","CCCTTAATCCGGCTAA.1",0.572520043588892,40
"580","CCCTTAATCGGTACGC.1",0.791613423235414,68
"581","CCCTTAATCTAAGTCA.1",0.577553173989143,40
"582","CCCTTAATCTCTAGCC.1",0.629941096564814,49
"583","CCGACAGGTCCACAAA.1",0.605347844118313,45
"584","CCGACAGGTTTACCGT.1",0.634184109567459,50
"585","CCGATGCAGGACCTCA.1",0.603102758856189,44
"586","CCGCACACAAGGACCA.1",0.587625040042113,42
"587","CCGCCAACACATGCTA.1",0.530230446136278,34
"588","CCGCTAAAGACACTTA.1",0.263634230180591,15
"589","CCGCTAGCAATAGTCT.1",0.158867526976622,6
"590","CCGGTAGGTACCAGGT.1",0.659941310283143,55
"591","CCGGTTAAGTCATTTC.1",0.778124959456329,67
"592","CCGTGCTGTAATCACG.1",0.527902601569729,34
"593","CCGTGCTGTAGACAAA.1",0.218112136965861,11
"594","CCGTTACTCGTAATCA.1",0.14460732605808,5
"595","CCGTTATGTTTACGTC.1",0.546973730327569,36
"596","CCGTTGCGTCAATACG.1",0.767103261520346,66
"597","CCGTTTGGTTAGCAGC.1",0.587147147367612,42
"598","CCTAAAGGTGGTTATG.1",0.598642120489034,44
"599","CCTAAATCACCAGGTT.1",0.540361537129259,35
"600","CCTAAGCCAATGCCCG.1",0.658389267130429,55
"601","CCTAAGTAGCCGCAAC.1",0.96802203523565,80
"602","CCTAAGTAGGAGTAAT.1",0.251281778022183,14
"603","CCTAAGTAGGTTTACA.1",0.420311694578538,26
"604","CCTAATAAGGAGCACG.1",0.651895265209986,53
"605","CCTAATAAGGCGTAAA.1",0.333121023880716,22
"606","CCTAATCGTTCAAGCA.1",0.842663697525843,72
"607","CCTACTGGTCCTAAGA.1",0.622366105776134,48
"608","CCTACTGGTCTTACTA.1",0.569599137345368,39
"609","CCTAGTTGTATTACCC.1",0.352432593392652,23
"610","CCTATAGCATGACTAT.1",0.232365177173593,12
"611","CCTATATTCCTGGTCT.1",0.548904809948159,36
"612","CCTATTGTCATGCTTT.1",0.795747743497573,68
"613","CCTATTGTCCACCCTG.1",0.578854848152594,40
"614","CCTATTGTCCGGGACT.1",0.237519246945179,12
"615","CCTCAGTTCAAATCGC.1",0.615633553473147,46
"616","CCTCAGTTCGGTTAGT.1",0.654881549014204,54
"617","CCTCAGTTCTAGCGAT.1",0.945592925276877,79
"618","CCTCCTCTCTTTGACT.1",0.94509063168619,79
"619","CCTCCTGAGCTCGCTT.1",0.23935941187659,13
"620","CCTGAATAGTCACTAA.1",0.614009158717089,46
"621","CCTGACTTCTCCTCTT.1",0.359959016956741,23
"622","CCTGAGTCAGCTTACA.1",0.464847980750593,28
"623","CCTGATGAGCTCAATA.1",0.316529120904533,20
"624","CCTGATGAGTTCCTCA.1",0.260459431312683,15
"625","CCTGCTCCATGTTTGG.1",0.252374269266335,14
"626","CCTGGATCAATCCTGA.1",0.909027279710558,77
"627","CCTGGTAAGCACCACA.1",0.170185435388059,7
"628","CCTGGTAAGGCTCATG.1",0.76026990267678,66
"629","CCTGTAACACGAATTT.1",0.910361847378444,77
"630","CCTGTAACATCTAGCA.1",0.607807685493139,45
"631","CCTGTATGTGCCGCAA.1",0.290480461583977,18
"632","CCTGTATGTTAATGCG.1",0.565396768434548,38
"633","CCTGTTGGTATTGGTG.1",0.794774392609936,68
"634","CCTGTTGGTGAATCGC.1",0.301586150934578,19
"635","CCTTAGTGTCACGGAT.1",0.341995032916057,22
"636","CCTTAGTGTGGATGTC.1",0.746616291663737,65
"637","CCTTAGTGTGGTTAGC.1",0.905169848532582,76
"638","CCTTATGTCACTAATG.1",0.69309688825008,59
"639","CCTTATGTCCTGATTT.1",0.0986714816131387,3
"640","CCTTCAGGTTTAGCGA.1",0.414760516265945,26
"641","CCTTCGGTCATGCAAC.1",0.50575984475655,32
"642","CCTTCGGTCCAAGTGT.1",0.224019502486461,11
"643","CCTTGCGTCGAGGAGT.1",0.331282000278047,21
"644","CCTTGTTCACAAACTT.1",0.677015499585345,57
"645","CCTTGTTCAGTTTGTG.1",0.905338811499511,76
"646","CCTTTAGTCAGGCCTA.1",0.267768389590492,16
"647","CCTTTAGTCTACCTAT.1",0.7384992027095,64
"648","CGAACCGGTTACTAGG.1",0.456659407574327,28
"649","CGAAGAATCTAAGGTC.1",0.652219314673144,53
"650","CGAAGCCTCACTAAGC.1",0.462748681580401,28
"651","CGAAGGCCACTGGCCA.1",0.29817333606539,19
"652","CGAATCTAGGATTTGC.1",0.828805624301147,71
"653","CGACTAAGTTTGGTTC.1",0.490669240806131,30
"654","CGAGCGAAGACACCGC.1",0.679482303496245,58
"655","CGAGCGAAGCAGCTCA.1",0.644916539729717,52
"656","CGAGCTGGTAATCGCA.1",0.475542437618976,29
"657","CGAGCTGGTCATTACC.1",0.711674090989812,61
"658","CGAGCTGGTTGTGATG.1",0.691676770647296,59
"659","CGAGGAAGTTACGCAA.1",0.714942089624045,62
"660","CGAGGAAGTTCCTGTG.1",0.68002551067085,58
"661","CGAGGTGAGGGCCATC.1",0.826862122164666,71
"662","CGATGTCCAAGCGAGC.1",0.769614418955961,66
"663","CGATGTCCATAGCTGC.1",0.656903826376503,54
"664","CGATTATCAGAGAGCC.1",0.920575231738384,78
"665","CGATTGAGTAATGACT.1",0.802512110655266,69
"666","CGATTGAGTGCATTTC.1",0.576078446027255,40
"667","CGATTGAGTGGAGCAA.1",0.824016980516769,70
"668","CGATTGAGTTGAAGCC.1",0.682053696920137,58
"669","CGATTGAGTTGTCCAT.1",0.612517143391976,46
"670","CGATTGAGTTTCCTCC.1",0.61827410882374,47
"671","CGATTTGCATTATGGT.1",0.69549980696759,60
"672","CGCAAATTCGGTTAGT.1",0.698471875467429,60
"673","CGCAATAGTCAAAGAA.1",0.57724848296421,40
"674","CGCAATAGTCTCACTG.1",0.606734426904132,45
"675","CGCAATAGTTGTAACG.1",0.602991369105142,44
"676","CGCAATCCAAATGCCC.1",0.636871495122118,50
"677","CGCAATCCAAGTAAGC.1",0.835126914091691,72
"678","CGCACAATCCTAGTAA.1",0.0661673093545534,2
"679","CGCACACAGGAACCGG.1",0.561867248047245,38
"680","CGCATATAGATAAAGC.1",0.64016900246182,51
"681","CGCATATAGCTTCTCA.1",0.17022614789688,7
"682","CGCATGATCGACAAAG.1",0.596973818541855,43
"683","CGCATTACAGCCGCTA.1",0.653688403315595,54
"684","CGCATTACAGGCATCT.1",0.318615237080564,21
"685","CGCCAAATCGAAGTGA.1",0.286604752334899,18
"686","CGCCAAATCGCAACAT.1",0.760067508015269,66
"687","CGCCACACAGTAGCCT.1",0.840162770465645,72
"688","CGCTAATAGAGCCGCT.1",0.548407617588121,36
"689","CGCTACTTCCGTCCAT.1",0.320433645462725,21
"690","CGCTACTTCCTTGTTG.1",0.783954180833635,67
"691","CGCTATGAGCGTGCAC.1",0.44024737025856,27
"692","CGCTGTGCATAATGAG.1",0.237174731189506,12
"693","CGCTTACTCGCTAGTG.1",0.611371898206577,46
"694","CGCTTACTCTGGCATG.1",0.642364416674798,52
"695","CGGAATCGTAAGCTTG.1",0.900795694726957,76
"696","CGGAATCGTCAATAGT.1",0.591303865240625,42
"697","CGGAGCAAGACACTTA.1",0.235868977484294,12
"698","CGGAGCAAGACTCGCA.1",0.562138171405558,38
"699","CGGAGCAAGCAACATC.1",0.440149683544731,27
"700","CGGAGTCTCAATGTGC.1",0.532571016648172,34
"701","CGGATAAAGCGCTCAA.1",0.580896923688618,41
"702","CGGATAAAGTAACCAC.1",0.794896893954526,68
"703","CGGCAATGTTAGGCTA.1",0.897873843900846,76
"704","CGGCCATAGCCTAATA.1",0.729729262948653,63
"705","CGGCTAATCCGCACAA.1",0.298521451937823,19
"706","CGGCTAATCGGGATTT.1",0.38266338503116,25
"707","CGGCTAATCTCACTAT.1",0.630082695243459,49
"708","CGGGCTTAGCCTGACA.1",0.73550283595102,64
"709","CGGGTATGTTACGCAA.1",0.759713961891999,66
"710","CGGGTCTAGCCGCAAC.1",0.879256658303929,74
"711","CGGTAACGTGTTTGTC.1",0.888869272628297,75
"712","CGGTAACGTTACCGGG.1",0.420450080784479,27
"713","CGGTGAGAGAGAGGCT.1",0.652290104222073,53
"714","CGGTTATAGCTAATTG.1",0.0675926303419011,2
"715","CGGTTATAGTAAGGGC.1",0.492876746025634,31
"716","CGGTTATAGTTAGCCG.1",0.620231774851263,47
"717","CGGTTGGGTGTGTGGT.1",0.420802331142063,27
"718","CGGTTGGGTTTAGCTC.1",0.477185520686141,29
"719","CGGTTTCTCCCTGACT.1",0.768233297956747,66
"720","CGTAACCCACAGCCAT.1",0.608659664754277,45
"721","CGTAATGGTTGAGCCG.1",0.59269046051857,43
"722","CGTAATGGTTGGCGTG.1",0.568545001303831,39
"723","CGTACGGGTGCTAGCG.1",0.643302135168628,52
"724","CGTACGGGTTGCGTAA.1",0.757068603016224,65
"725","CGTATTGCATAGCTGC.1",0.562617696237821,38
"726","CGTCAATAGGCAATAG.1",0.687727038439161,58
"727","CGTCAATAGGGATGAC.1",0.67432042312412,57
"728","CGTCAATAGGGTTATC.1",0.337671917881751,22
"729","CGTCATTGTTTCGCCA.1",0.722560209250988,63
"730","CGTGACATCGCTCCAT.1",0.207278163884864,10
"731","CGTGCACAGACTCGCA.1",0.638230315978133,51
"732","CGTGCACAGGATAAAC.1",0.905292205692684,76
"733","CGTGCTTTCAGGGCCT.1",0.910709612081786,77
"734","CGTGTGTCATAGCTGC.1",0.640168245341495,51
"735","CGTGTGTCATTATGAC.1",0.312309765755186,20
"736","CGTGTGTCATTGGGAG.1",0.238725873434288,12
"737","CGTTAAATCGCTATAA.1",0.514107862874839,32
"738","CGTTAAATCTGGCAAT.1",0.480377785176915,30
"739","CGTTAGGTCACGCATG.1",0.714720885050991,62
"740","CGTTAGGTCCCTCAGT.1",0.15076188036363,5
"741","CGTTAGGTCTTGCAAA.1",0.194580840218972,9
"742","CGTTAGTAGAACCTGT.1",0.814375074052677,70
"743","CGTTAGTAGCCTCTCG.1",0.691222719473917,59
"744","CGTTATTTCGCCTAAG.1",0.766227960312447,66
"745","CGTTGCAAGGTCCTGA.1",0.595912442871528,43
"746","CGTTGCAAGTAACCCG.1",0.670483622720778,56
"747","CGTTGCGCAGTTGCGT.1",0.842791668050267,72
"748","CGTTTGGAGGTCTTGG.1",0.476001064525047,29
"749","CGTTTGGAGGTTACAC.1",0.926639525627553,78
"750","CTAAAGCTCCCTCAAC.1",0.891681656445156,76
"751","CTAACCCTCAAATCGC.1",0.54154448518635,35
"752","CTAAGGTTCGTTCACC.1",0.52600968181876,34
"753","CTAATCGCAATAACCT.1",0.770051737721756,66
"754","CTAATCGCAATTGACT.1",0.842372246607337,72
"755","CTAATGTCAATGAAGC.1",0.29106974688736,18
"756","CTAATTGAGCTTCCCG.1",0.526263351328878,34
"757","CTACAACAGAAAGCAT.1",0.579266453686095,41
"758","CTACCGGCAATTGAGA.1",0.50971946197037,32
"759","CTACCGGCAGTTTACG.1",0.673700931517749,56
"760","CTACCTCAGCCAGTAT.1",0.84886509300683,73
"761","CTACGAAGTAGTAAGA.1",0.416422565240932,26
"762","CTACTAAAGCTCAATA.1",0.588294659387856,42
"763","CTACTAAAGTTTGAGC.1",0.508418459987689,32
"764","CTACTTAGTAAACAAG.1",0.916492910933107,77
"765","CTACTTAGTCACCAAA.1",0.658053860700721,55
"766","CTACTTAGTGTCCTGC.1",0.862793602442978,74
"767","CTAGCTGAGCTCGCTT.1",0.65113899715622,53
"768","CTAGCTGAGTTAGGCT.1",0.251950666007651,14
"769","CTAGCTTGTTTATCGC.1",0.258361118915249,15
"770","CTAGGCGGTGGATTAT.1",0.36499134276556,24
"771","CTAGTAATCAGTGAAG.1",0.129690313481319,4
"772","CTAGTCGAGAAAGGAA.1",0.229613691503867,11
"773","CTAGTCGAGTTAGAGG.1",0.621880894986946,48
"774","CTAGTGAGTCGACTAA.1",0.916642104610554,77
"775","CTATAACCAATTGACT.1",0.0985375142334436,3
"776","CTATGACAGCAACATC.1",0.754859003684918,65
"777","CTATGACAGTAACTCA.1",0.641010831493561,51
"778","CTATGGCCACTAAGCC.1",0.812054173132907,70
"779","CTATGTTTCAGCTAAC.1",0.206115205695496,10
"780","CTATGTTTCCTGAGTG.1",0.436338780385689,27
"781","CTATGTTTCTACTAAG.1",0.642670771511767,52
"782","CTATTCAGTTTGGGTA.1",0.340661429848825,22
"783","CTATTGAAGCTCATAA.1",0.617013245192575,47
"784","CTATTGAAGGAACGGT.1",0.628574999245131,49
"785","CTCAATAAGCTGCACA.1",0.133070201719452,4
"786","CTCAATAAGGCACAGG.1",0.627539402133987,49
"787","CTCACACTCACAGCGC.1",0.510959481993636,32
"788","CTCACACTCAGTTCCC.1",0.624002802068118,48
"789","CTCACTCAGCGCATTG.1",0.551342409463992,37
"790","CTCACTCAGTGAACGA.1",0.707576962569816,61
"791","CTCAGGATCGCTAGAT.1",0.291862424244986,18
"792","CTCAGGATCTTCAATC.1",0.535048136118718,35
"793","CTCATGCTCCTGGCTT.1",0.0592788949257661,1
"794","CTCATTAGTAAGGTTT.1",0.716939309001105,62
"795","CTCATTAGTAATGGAA.1",0.619605071263659,47
"796","CTCCAAACATAGCTTG.1",0.188058562806261,8
"797","CTCCAAACATTAAAGG.1",0.433693979196947,27
"798","CTCCAACTCATTGTTC.1",0.822949721742497,70
"799","CTCCAACTCGATAACC.1",0.927189093326949,78
"800","CTCCAACTCGTAATCA.1",0.626606482424415,49
"801","CTCCAACTCTCCTCTT.1",0.578710439841858,40
"802","CTCCCTGAGGCGAATA.1",0.560463846240596,38
"803","CTCCGGACATCACTTC.1",0.923242240796566,78
"804","CTCCGGACATTGGGAG.1",0.475834447894903,29
"805","CTCCGTCCACAGAAAC.1",0.765855401987929,66
"806","CTCGACAAGACTATTG.1",0.258857416292708,15
"807","CTCGACAAGTAGGCGG.1",0.591802446732293,42
"808","CTCGCTAGTAAGGTCC.1",0.636659369582791,50
"809","CTCTAAGCACACCAAC.1",0.944806907241059,79
"810","CTCTAGCTCGTTAAGC.1",0.787918812491234,67
"811","CTCTATGTCCCTGATC.1",0.951652258900186,80
"812","CTCTCACAGGAGGCAT.1",0.455039223262322,28
"813","CTCTTGATCGAGCAAA.1",0.642792073363581,52
"814","CTGAAACTCTGTGCAG.1",0.791541930101793,68
"815","CTGAATATCCTAGTTT.1",0.295341865830128,19
"816","CTGACATAGGCTAATC.1",0.644401052680687,52
"817","CTGACCAAGCCTGACA.1",0.937892257703556,79
"818","CTGACCAAGGTTAGAG.1",0.557087930037437,37
"819","CTGATCACACTATGGC.1",0.658688702741976,55
"820","CTGCAATAGGGACCTC.1",0.901584064168621,76
"821","CTGCAATAGGTACCGC.1",0.71449632629811,62
"822","CTGCTCCCACGTAATT.1",0.790503191256142,68
"823","CTGCTCCCAGCAACCT.1",0.0690423705638245,2
"824","CTGGACCAGCGCCTTT.1",0.889322440758229,75
"825","CTGGACCAGCTCAAAC.1",0.621769947822542,48
"826","CTGGACCAGTCACTCC.1",0.930665041527095,78
"827","CTGGCTAAGCGGATAA.1",0.945357277314289,79
"828","CTGGCTAAGTTGGATC.1",0.286929851112786,18
"829","CTGGTCAAGCCATCAG.1",0.540976573956253,35
"830","CTGGTTACAACAGGTG.1",0.282623483440165,17
"831","CTGGTTACAGGAACAT.1",0.182691752127359,8
"832","CTGGTTACAGTAGGTG.1",0.904217496963188,76
"833","CTGTAACAGCGCCTTT.1",0.168172106320288,7
"834","CTGTATTTCATGACCG.1",0.828793915862226,71
"835","CTGTGTGAGACAACAG.1",0.365624878363328,24
"836","CTGTTAAAGGGACGCA.1",0.549984160958717,36
"837","CTGTTAAAGGTTTGAC.1",0.801155890644398,69
"838","CTGTTGGAGTGCACGC.1",0.554658236847403,37
"839","CTGTTGGAGTTTAACG.1",0.664863857551889,55
"840","CTGTTTAGTTCACCAT.1",0.570121210048542,39
"841","CTTAACAAGTGGACAA.1",0.524608950339574,34
"842","CTTAAGGGTCATAACG.1",0.327370088186691,21
"843","CTTAATGAGTTTCCGC.1",0.884341593312818,75
"844","CTTACCGGTTTATGGG.1",0.490909737194915,30
"845","CTTACCTCAAACAACA.1",0.0770679946164961,2
"846","CTTACTAGTCACTCGC.1",0.670016688261161,56
"847","CTTAGGAGTGTTGCAA.1",0.330428311427397,21
"848","CTTAGTTTCGTTTCGC.1",0.440693665661182,28
"849","CTTATGTTCTTAGGAC.1",0.680351140689343,58
"850","CTTATTGGTTGGTGAC.1",0.321490239186743,21
"851","CTTCAAGCACAATTAC.1",0.916237430587453,77
"852","CTTCAATTCGAGCAAA.1",0.0423837745731084,1
"853","CTTCACTCAACAGGAT.1",0.242617001175339,13
"854","CTTCGCGTCACTAGGT.1",0.673927260674768,57
"855","CTTCGCGTCCCTCAAC.1",0.684671739550889,58
"856","CTTCTAAGTCATTACC.1",0.827092372711365,71
"857","CTTGAACAGATTGAGG.1",0.273069461997882,16
"858","CTTGAACAGCGAAGTA.1",0.705776323621827,61
"859","CTTGACGAGAGAGGCT.1",0.275059144946578,16
"860","CTTGACGAGCTTTGGG.1",0.216498524290777,11
"861","CTTGCATGTAAAGCGG.1",0.700079814061593,60
"862","CTTGCATGTGAGCGAA.1",0.366947423090559,24
"863","CTTGCGCGTAACGGGA.1",0.675168629195613,57
"864","CTTGCTCAGACAACAG.1",0.856997174154573,73
"865","CTTGCTCAGTGATTCA.1",0.273503413655378,16
"866","CTTGTAAAGCAAGGAC.1",0.240073109370086,13
"867","CTTGTAAAGGATCCGC.1",0.761781916017729,66
"868","CTTGTAAAGGGTGAAC.1",0.628767594764503,49
"869","CTTGTAAAGGTTTACA.1",0.529960032347174,34
"870","CTTGTCCAGCTTGCTC.1",0.66863848196902,56
"871","CTTGTCCAGTAAGGGC.1",0.721840774040664,63
"872","CTTTATCAGCCTGACA.1",0.630952554651914,49
"873","CTTTATGGTAGCAGCT.1",0.77193695813407,67
"874","CTTTATGGTAGTTGGC.1",0.798688726272928,68
"875","CTTTGGTGTATCTGGA.1",0.890306128967401,75
"876","CTTTGGTGTTATCCTA.1",0.843538531094252,72
"877","CTTTGGTGTTGGCCGA.1",0.631267266078019,50
"878","CTTTGTCCAGGCTAGA.1",0.557556099164431,37
"879","CTTTGTCCATAAGTTC.1",0.417348831457129,26
"880","CTTTGTCCATGACTAT.1",0.120005234439359,4
"881","GAAAGGCTCGTCCTTA.1",0.318572977909155,20
"882","GAACACAAGGGTGGAT.1",0.151976393580207,5
"883","GAACCAGCAATGCCCG.1",0.594402883508099,43
"884","GAACCTGTCTTTAGGA.1",0.909040306775375,77
"885","GAACCTTAGACTTATG.1",0.621727736411352,48
"886","GAACCTTAGGTCGATT.1",0.415934619588565,26
"887","GAACCTTAGTCTCACC.1",0.162696921141937,6
"888","GAACGAATCAATCTCT.1",0.783189538259306,67
"889","GAACGAATCTGTTCAT.1",0.611026198789696,46
"890","GAACTTATCGAAGTAG.1",0.181146436455074,8
"891","GAAGCCTGTACTTAGG.1",0.500299671161613,31
"892","GAAGCCTGTTGCATCT.1",0.807201106380092,69
"893","GAAGCTAAGTCAGTAC.1",0.378416206748868,25
"894","GAAGGAACACCTGCCT.1",0.258339553193125,15
"895","GAAGTAAGTTAACAGT.1",0.613312336522784,46
"896","GAAGTAAGTTTGGCGG.1",0.553891981987728,37
"897","GAAGTATAGGGACCTC.1",0.264065352668855,15
"898","GAAGTCAAGTTGCCTC.1",0.806743947516884,69
"899","GAAGTGATCTGTTGCC.1",0.262294250799353,15
"900","GAAGTGATCTTAAGTG.1",0.284140344970055,17
"901","GAATTTGTCATAATCG.1",0.59996139311247,44
"902","GAATTTGTCTATCGCC.1",0.811340226472588,69
"903","GACAATACAGAGAGCC.1",0.368234413509388,24
"904","GACAATACATTGCAGC.1",0.906863286211468,76
"905","GACACCGGTTAGGCTA.1",0.794573898360163,68
"906","GACCGAACAGGCATGA.1",0.479822398141039,29
"907","GACCGTTCATGTCGCG.1",0.115150424986228,4
"908","GACCTAGTCTTGTCTG.1",0.370303017180863,24
"909","GACCTCAAGCCTGATG.1",0.155664457477655,6
"910","GACCTCAAGGTCCTAG.1",0.442254413019299,28
"911","GACCTGATCCGCTAGA.1",0.453864489364056,28
"912","GACCTGCAGCACCACA.1",0.384834090947885,25
"913","GACCTGCAGTTAGCTA.1",0.64413649669784,52
"914","GACCTTTGTAACTACG.1",0.918613973081062,78
"915","GACGCCTAGCTTACTT.1",0.162942470133026,6
"916","GACGTAAAGAGGATAT.1",0.229760807220075,11
"917","GACGTAAAGGTTAGAG.1",0.710029763376227,61
"918","GACTAATGTACCGAAC.1",0.622894606339317,48
"919","GAGAAACGTATTGGAT.1",0.835343967607041,72
"920","GAGAACCAGAGGCTAA.1",0.771530109879311,67
"921","GAGAACCAGTTGCGTG.1",0.602233386912336,44
"922","GAGAGGCGTCACTCGC.1",0.341348379715216,22
"923","GAGAGGCGTTGGTGAC.1",0.659679975919693,55
"924","GAGATAAGTATTTGGG.1",0.557402203831966,37
"925","GAGATAAGTTAATCGG.1",0.595611659561124,43
"926","GAGCAAATCCAAGTTA.1",0.809400965038454,69
"927","GAGCAAATCTTTGAGA.1",0.614075203977265,46
"928","GAGCAAGGTCAATAGT.1",0.955566643156211,80
"929","GAGCCTTCAATCTCTC.1",0.189619142956529,9
"930","GAGCGAAGTTTCGCGC.1",0.268087706521461,16
"931","GAGCGGTCACACCAAC.1",0.363848972747224,24
"932","GAGCGGTCATGAATCT.1",0.28673924846085,18
"933","GAGCTAGCAAGATTCT.1",0.572158860522912,39
"934","GAGCTAGCAATGCCCG.1",0.581153259728954,41
"935","GAGCTTAGTTGTAAAC.1",0.165513968357828,6
"936","GAGGAGGCAGCAGGTA.1",0.615399625657321,46
"937","GAGGCAAGTAACGGGA.1",0.352697210273985,23
"938","GAGGCCTTCTCAATGA.1",0.489893866016357,30
"939","GAGGCTTGTTAAGGTT.1",0.76538960200709,66
"940","GAGGCTTGTTTGAGCA.1",0.524730213556454,34
"941","GAGGGAGCACATTAAC.1",0.499142688159384,31
"942","GAGGGAGCATTGTGAT.1",0.620740383600094,47
"943","GAGGTACAGCTTCCCG.1",0.708431003413379,61
"944","GAGGTACAGGCTCATG.1",0.161534783328049,6
"945","GAGGTAGGTTTGGGCG.1",0.711046136622181,61
"946","GAGGTGAGTACTTCAC.1",0.544831396436207,36
"947","GAGGTGAGTATTTGCC.1",0.243889235061909,13
"948","GAGGTGAGTCACGGAT.1",0.652989199312824,53
"949","GAGTATCTCCATTACT.1",0.592036064035105,42
"950","GAGTCATTCGCATTAA.1",0.356706466003401,23
"951","GAGTGTTTCCCATAGG.1",0.73175016092951,64
"952","GAGTTTGGTGAGAAAC.1",0.548784861190038,36
"953","GATAAAGGTGAGAAAC.1",0.779175381166434,67
"954","GATAAAGGTTCGGTAA.1",0.609171564182177,45
"955","GATAACGAGGCATGTT.1",0.744776649885063,65
"956","GATAACGAGTACCGCA.1",0.761439509794661,66
"957","GATAACGAGTTATGGC.1",0.597982063402603,44
"958","GATAAGCCACCCACCT.1",1.02467598953669,80
"959","GATAAGCCAGGAACAT.1",0.199352904800181,9
"960","GATAGACCATTGCGAC.1",0.54496263269437,36
"961","GATCAAGAGCCTAATA.1",0.578040436143711,40
"962","GATCAAGAGCGGGCAA.1",0.761082523519146,66
"963","GATCAGGCAAGCTTAT.1",0.676788257711746,57
"964","GATCAGGCATTATGCG.1",0.927697246589562,78
"965","GATCGAGCACGTGCTG.1",0.0541579273624581,1
"966","GATCGCTCAGCTAACC.1",0.586321128344491,42
"967","GATGACTTCAAGCTAC.1",0.443071646164542,28
"968","GATGAGGGTATTCGTC.1",0.695255417207683,60
"969","GATGAGGGTCGTAATG.1",0.641507773918595,51
"970","GATGAGGGTTCACTGT.1",0.757906571495766,66
"971","GATGAGGGTTTACTTG.1",0.704555704840394,61
"972","GATGCGACATCCCGCT.1",0.45718987307492,28
"973","GATGCTTAGATTCCTT.1",0.86234351596358,74
"974","GATGGACAGGGTGGAT.1",0.624090636870842,48
"975","GATGGCTGTGCATTAG.1",0.653570261360355,54
"976","GATGGCTGTTTAACGG.1",0.689207708005221,59
"977","GATTACTCAGAACCGA.1",0.0760587818484651,2
"978","GATTACTCAGCCTAAC.1",0.103232808055039,3
"979","GATTACTCATAGCGGA.1",0.641090615394077,51
"980","GATTACTCATGCTTAG.1",0.239799718719219,13
"981","GATTAGCTCCGTTATT.1",0.979344882557127,80
"982","GATTAGTGTCCTAATC.1",0.48642347596599,30
"983","GATTAGTGTTGCAATG.1",0.711568226102066,61
"984","GATTAGTGTTGGATCA.1",0.138157262615857,5
"985","GATTCAATCAATAGCC.1",0.503099796120968,32
"986","GATTCAGGTTAAGCCA.1",0.739355213928984,64
"987","GATTCAGGTTTACTTG.1",0.865536132780765,74
"988","GATTCATCATCTTGAG.1",0.64288285722968,52
"989","GATTGCAGTGCTCACC.1",0.107038709528456,3
"990","GATTGCGTCTCCATAT.1",0.519976484981555,33
"991","GATTGCGTCTTTGACT.1",0.811909691272965,69
"992","GATTGGCGTTACAAAC.1",0.846241163170035,73
"993","GATTGGTTCTTGCATT.1",0.933251125262438,78
"994","GATTGTTCATGTCAGC.1",0.666745621216589,56
"995","GATTTGCAGGTGCGGA.1",0.560268040390733,38
"996","GCAACAGCAGGGAGCT.1",0.873832542977844,74
"997","GCAACAGCATAATCCG.1",0.171154288168151,7
"998","GCAAGCCTCCTTAGGG.1",0.473188088060639,29
"999","GCAAGTCGTCACCTAT.1",0.591216254838597,42
"1000","GCAAGTCGTTTGGGCG.1",0.419946876422749,26
"1001","GCAATAGAGTCGCTAG.1",0.169913657564457,7
"1002","GCAATATGTGCTTTAC.1",0.103469043136432,3
"1003","GCAATCTAGTCACCAG.1",0.437811425696621,27
"1004","GCAATGTTCATGAAGG.1",0.266383286309036,16
"1005","GCACATTAGCGGGCAA.1",0.185072900242237,8
"1006","GCACATTAGTAAGTCC.1",0.583537682519284,41
"1007","GCACCTAAGAGGAGGA.1",0.38729567819338,25
"1008","GCACCTAAGTCATTGA.1",0.696160298844085,60
"1009","GCACCTAAGTCGCAAT.1",0.16909625658658,7
"1010","GCACCTAAGTGTTGTA.1",0.29253270195065,18
"1011","GCACGAACAAGGTACG.1",0.564068616712121,38
"1012","GCACGAACAAGGTGGC.1",0.282951441380963,17
"1013","GCACGAACAGGATGGC.1",0.820990434424131,70
"1014","GCACGCTAGCAGGTGG.1",0.825228778189295,71
"1015","GCACGGTTCATGGTGT.1",0.594702742884846,43
"1016","GCACTAAGTAACCTAG.1",0.583246509251902,41
"1017","GCACTAAGTCGCATAA.1",0.621360493442629,48
"1018","GCAGCAACATAACGGG.1",0.922311738176273,78
"1019","GCAGCCAGTATTGGAT.1",0.202715136878573,9
"1020","GCAGCCAGTTCAAGAT.1",0.256198426272406,14
"1021","GCAGCTATCAAGCGCC.1",0.382848586733579,25
"1022","GCAGCTATCATGAAGG.1",0.977234689134095,80
"1023","GCAGGAAGTCAGTAAT.1",0.151788774625931,5
"1024","GCAGGAAGTTGTGACA.1",0.731336019724184,64
"1025","GCAGGACCAAACCTTG.1",0.814467436862448,70
"1026","GCAGGACCAACAACAA.1",0.692822142146083,59
"1027","GCAGGACCAGTTAGCC.1",0.121306976203045,4
"1028","GCAGGATAGCATTATG.1",0.316844979543405,20
"1029","GCAGGTTGTACCCACC.1",0.797044221408493,68
"1030","GCAGGTTGTAGCCATA.1",0.265266929756071,16
"1031","GCATATATCGAAGTAG.1",0.206542866133679,10
"1032","GCATCCTTCGATTATG.1",0.182812881477166,8
"1033","GCATGAAAGCTGTCAG.1",0.596879465313505,43
"1034","GCATGAAAGTCAATCA.1",0.617810907056337,47
"1035","GCATGAGCATTGACAT.1",0.657011277691711,54
"1036","GCCAACATCGCACAAT.1",0.113335445850599,4
"1037","GCCAACATCGGTTTCC.1",0.628663127566389,49
"1038","GCCAATAGTCCTAACT.1",0.727524868539333,63
"1039","GCCAATTAGGCATTAC.1",0.366044455160956,24
"1040","GCCACACAGGAACGGT.1",0.423144032363187,27
"1041","GCCACACAGTTCCCGT.1",0.607630529987472,45
"1042","GCCACTAAGACTTATG.1",0.853465880663386,73
"1043","GCCACTAAGCACTAAC.1",0.640556361015141,51
"1044","GCCAGGAAGGAAGCTA.1",0.312436162908091,20
"1045","GCCAGGTTCACTCAAA.1",0.256827678869429,14
"1046","GCCAGGTTCGGTAACT.1",0.56488224107418,38
"1047","GCCCTCATCACGAATC.1",0.677429673142028,57
"1048","GCCCTCATCCGGTTAG.1",0.108700772957592,4
"1049","GCCGTGAGTCGTAATG.1",0.552025240059234,37
"1050","GCCGTGAGTGATGAAA.1",0.840035875796117,72
"1051","GCCTCAAAGGACAATG.1",0.736689479984081,64
"1052","GCCTCAAAGTTACCGG.1",0.695757836167499,60
"1053","GCCTCCATCTTGAGGT.1",0.579345161872149,41
"1054","GCCTCGACATCCAGGT.1",0.548755413725985,36
"1055","GCCTGACAGATGCCTG.1",0.94194162531784,79
"1056","GCCTGACAGCCAAATC.1",0.640762634608499,51
"1057","GCCTGACAGTCACCTC.1",0.411696828158212,26
"1058","GCCTGAGGTCAGTAAT.1",0.570060215944843,39
"1059","GCCTGCTGTCACAAAT.1",0.182389431231835,8
"1060","GCCTGCTGTCCGTAGG.1",0.268328097294163,16
"1061","GCCTGTGCACAAAGGT.1",0.941052940821817,79
"1062","GCCTGTGCATTAAAGG.1",0.872338809309876,74
"1063","GCCTTAACAATTGCGC.1",0.0897541562196593,3
"1064","GCCTTAACACACAATT.1",0.923869134779063,78
"1065","GCCTTAACATGCTCCC.1",0.495638156105148,31
"1066","GCCTTACTCGTTATAG.1",0.321083522562235,21
"1067","GCCTTAGAGGCGTAAA.1",0.276127456156261,17
"1068","GCCTTGCGTTATCCTA.1",0.0712027713244642,2
"1069","GCCTTTATCAGTATTG.1",0.325575298426216,21
"1070","GCCTTTATCATAGACC.1",0.297421538741071,19
"1071","GCGAAGCCATTGTGCA.1",0.820143824345838,70
"1072","GCGAAGTAGGGCCACT.1",0.747310650913614,65
"1073","GCGCAAACACTTCATC.1",0.925972310682,78
"1074","GCGCAAACAGGCATCT.1",0.207792524540792,10
"1075","GCGCAATGTTTATTCG.1",0.656228882404087,54
"1076","GCGCTAGGTGGGTACT.1",0.95778735422214,80
"1077","GCGCTTAAGGACACTT.1",0.510439411647397,32
"1078","GCGGAACCACCACAAC.1",0.712319492662298,62
"1079","GCGGAACCAGCTTACA.1",0.587464976172682,42
"1080","GCGGGTTTCAATGACC.1",0.587870303943217,42
"1081","GCGGGTTTCACCATTT.1",0.547049515603986,36
"1082","GCGGGTTTCTACTAAG.1",0.57839901190491,40
"1083","GCGGTTATCAAACACC.1",0.0758749929117158,2
"1084","GCGGTTGGTCATTAGG.1",0.253866328608799,14
"1085","GCTAACAGTTCGGTAA.1",0.804246904306848,69
"1086","GCTAACCCAGGAACTG.1",0.570299906192794,39
"1087","GCTAAGAAGGGTGAGT.1",0.829807298482257,71
"1088","GCTAAGAAGTTACTTC.1",0.180723859885664,8
"1089","GCTAATATCACGAATC.1",0.345491020869344,22
"1090","GCTAGCGGTCATAACG.1",0.544727120908031,36
"1091","GCTAGCTCAGGAATCG.1",0.451329517969473,28
"1092","GCTAGCTCATTAAAGG.1",0.600530812707798,44
"1093","GCTAGTGTCAAGACTC.1",0.718697683900729,63
"1094","GCTATAGGTAGCCTAA.1",0.408574392884506,26
"1095","GCTATTGCATAGTCAT.1",0.835382006187178,72
"1096","GCTCAACCATCGCTTT.1",0.603361724009965,44
"1097","GCTCACAAGTGGCGGA.1",0.333630141371598,22
"1098","GCTCACAAGTTGTCAA.1",0.684107234280059,58
"1099","GCTCATTGTGGAAGGC.1",0.340033688023749,22
"1100","GCTCCTTAGACTTACA.1",0.0805202091397534,2
"1101","GCTCCTTAGTCACCAG.1",0.82435502797687,71
"1102","GCTCGATCAAGGTGGC.1",0.40145647614165,25
"1103","GCTCTGGCAAGGTAAC.1",0.642128273874631,51
"1104","GCTCTGGCAGCTTACA.1",0.885481363659266,75
"1105","GCTCTGTTCGGGACTC.1",0.281573984959834,17
"1106","GCTGACATCATAGACC.1",0.886465451396391,75
"1107","GCTGACATCTCACTAT.1",0.133182847514279,4
"1108","GCTGACCAGCCAGTAT.1",0.657883919586361,55
"1109","GCTGAGGAGGAAGTAT.1",0.817998616629364,70
"1110","GCTGATCCAACTGGCT.1",0.356003836111586,23
"1111","GCTGCAATCCAAGTGT.1",0.646418408173724,53
"1112","GCTGCATCACATAACT.1",0.830641920137114,71
"1113","GCTGCATCAGGACACA.1",0.640101534175136,51
"1114","GCTGGTTCAGCCTGCA.1",0.369533609828186,24
"1115","GCTGGTTCATGTTTGG.1",0.665582615151581,56
"1116","GCTGTGCAGCCAGGTC.1",0.720194101735385,63
"1117","GCTGTGCAGGGTTATC.1",0.630304513796927,49
"1118","GCTTAAATCACTCGCT.1",0.643217599605016,52
"1119","GCTTAAATCATGACCG.1",0.467676781483275,29
"1120","GCTTAAATCTCAATTC.1",0.111023921994632,4
"1121","GCTTAACAGGAGTCTT.1",0.81085860783216,69
"1122","GCTTAGTAGACAACGA.1",0.0868739458045396,3
"1123","GCTTGACCAAGGACCA.1",0.174602477524925,7
"1124","GCTTGTTGTTGGATAT.1",0.816373528304606,70
"1125","GCTTTATTCCACCTTA.1",0.65323411219791,54
"1126","GGAAACTCATGACTAT.1",0.205836034256446,10
"1127","GGAACAATCCTGAGTG.1",0.550941269736203,37
"1128","GGAACCTGTACGATTG.1",0.294730940375295,18
"1129","GGAACCTGTGGAGCAA.1",0.932114682701893,78
"1130","GGAACGGTCCTGAATA.1",0.951439545777514,79
"1131","GGAACGGTCGATTTGA.1",0.569804800321112,39
"1132","GGAACGGTCGTTACTT.1",0.777320682121466,67
"1133","GGAACGGTCTCGACCT.1",0.244341624150253,13
"1134","GGAACTAAGTGAACCT.1",0.827740003652762,71
"1135","GGACATAAGACAAGTG.1",0.429136947140141,27
"1136","GGACCGAAGTGAACAG.1",0.691601425566469,59
"1137","GGACCTCAGTATCGCG.1",0.915992436450219,77
"1138","GGACGAAGTCATAACG.1",0.24132635995303,13
"1139","GGACTAAAGTAGCTTA.1",0.468035747776719,29
"1140","GGAGCAAGTCATTAGG.1",0.678589307100414,57
"1141","GGAGCATAGATAGACG.1",0.230319086438202,11
"1142","GGAGCATAGCTAAAGG.1",0.19264522850323,9
"1143","GGAGCATAGGTGAAAT.1",0.429017139665895,27
"1144","GGAGCATAGTATTGCA.1",0.620968669649806,47
"1145","GGAGCGATCAACAAGG.1",0.909438723141236,77
"1146","GGAGCGATCACCTGCT.1",0.293609727004903,18
"1147","GGAGGTTAGCTGGCTA.1",0.57954837272784,41
"1148","GGAGTGAGTTTAGCTC.1",0.635095041656495,50
"1149","GGATAACCACCAGGTT.1",0.365945384929736,24
"1150","GGATACTTCTGCAACG.1",0.637835194127506,51
"1151","GGATATTGTCGAAGTC.1",0.491621611432647,31
"1152","GGATTCAGTCCTTAGT.1",0.705010684090509,61
"1153","GGATTTATCAATTGGC.1",0.508490710117453,32
"1154","GGATTTATCTTGTTCG.1",0.895101110916667,76
"1155","GGCAAATCACCCACCT.1",1.02314358370103,80
"1156","GGCAAATCAGAGGGAG.1",0.333392233105197,22
"1157","GGCAAATCAGGAACTG.1",0.170753631984914,7
"1158","GGCAAGCCACAATGTT.1",0.592596573849252,43
"1159","GGCAAGCCAGGACCTT.1",0.890602142784772,75
"1160","GGCAATCGTGCGCATG.1",0.156041267126647,6
"1161","GGCAATCGTGGAAGGC.1",0.605696809826894,45
"1162","GGCATGGAGAGAGGCT.1",0.262428177842509,15
"1163","GGCATGGAGGGTTAGA.1",0.292955224102589,18
"1164","GGCATTGTCACTCGCT.1",0.0851825296645872,3
"1165","GGCATTGTCAGGCCTA.1",0.21221360997016,10
"1166","GGCCATCAGTTAGCTA.1",0.151964920081386,5
"1167","GGCCTCTGTGGAGCAA.1",0.293551360041094,18
"1168","GGCGCTAGTGAGACTC.1",0.512139889517609,32
"1169","GGCGCTAGTTTATCGC.1",0.350308340356389,23
"1170","GGCGGTAAGAATGACG.1",0.819347473116668,70
"1171","GGCGTTATCATTGTCT.1",0.57189001078345,39
"1172","GGCGTTATCTAACTGA.1",0.300184920730077,19
"1173","GGCTAGACATAAGTTC.1",0.367951037637334,24
"1174","GGCTGAGAGAAACTGG.1",0.578570665650209,40
"1175","GGCTGGTTCCTTCGTA.1",0.127851843471557,4
"1176","GGCTGTCAGCCTCTGT.1",0.299979460098585,19
"1177","GGCTTAAGTCGTTATC.1",0.649069020433259,53
"1178","GGGAATATCAGGAACA.1",0.790109959166507,68
"1179","GGGAATATCCATCAGG.1",0.85487611311189,73
"1180","GGGAATATCCCTCACG.1",0.191417394418201,9
"1181","GGGAGTAGTTGCATCT.1",0.597417396276802,43
"1182","GGGATAATCATTGTTC.1",0.0320332323931952,1
"1183","GGGCAATAGCACTTGG.1",0.664974095136841,55
"1184","GGGCATTGTAACGTGC.1",0.94404344821579,79
"1185","GGGCCTAGTAGCAGCT.1",0.719887094746418,63
"1186","GGGCCTAGTGAGCGAA.1",0.712000934453055,62
"1187","GGGCCTAGTTAGCATG.1",0.420603339027322,27
"1188","GGGCTAACAATTAGCT.1",0.113392705450104,4
"1189","GGGTCAACATCCCGCT.1",0.218444203694896,11
"1190","GGGTCAACATCCTAGA.1",0.216984869600898,11
"1191","GGGTCACTCAGGCCTA.1",0.509858677946914,32
"1192","GGGTGTTGTTCAAGAT.1",0.322368625322308,21
"1193","GGGTGTTGTTCGGTAA.1",0.654071609046973,54
"1194","GGGTTACGTAGACAAA.1",0.142990919562221,5
"1195","GGGTTATTCTATTGTC.1",0.525783848979438,34
"1196","GGGTTTCCAATTAAGG.1",0.0518304711573321,1
"1197","GGTAAACCATTATGCG.1",0.549311124196965,36
"1198","GGTAACCGTCGTAATG.1",0.403727756175561,25
"1199","GGTAACCGTTGCTTCG.1",0.844915455588626,72
"1200","GGTACTAGTGTCACGG.1",0.420079360222223,26
"1201","GGTACTTAGCTTAACA.1",0.603932763875839,45
"1202","GGTAGGAGTCAACAAT.1",0.635956969871182,50
"1203","GGTAGGAGTCATTGAG.1",0.635852210109162,50
"1204","GGTAGGAGTTTAGCTC.1",0.222578029819551,11
"1205","GGTATTGGTGTTTCAC.1",0.606329092082727,45
"1206","GGTATTGGTTCATCTA.1",0.50757757473712,32
"1207","GGTATTTCATTATGCG.1",0.576605329152901,40
"1208","GGTCAAGCAACTCGCG.1",0.732427079961558,64
"1209","GGTCAAGCACAACAAA.1",1.10932633764194,80
"1210","GGTCAGGAGAATGACG.1",0.357639507558081,23
"1211","GGTCCGTAGCCAGTAT.1",0.621632156364654,48
"1212","GGTCCTGCACCCACCT.1",0.443075177574581,28
"1213","GGTCCTGCACCCTCAC.1",0.244958014881241,13
"1214","GGTCGGTTCAGGTCCA.1",0.888210478000833,75
"1215","GGTCGGTTCATAGACC.1",0.620857856952534,47
"1216","GGTCTTGAGGAGGACT.1",0.528560971605648,34
"1217","GGTGAGGTCCCTCAGT.1",0.785912261116159,67
"1218","GGTGATTTCACTTCAT.1",0.596075270103178,43
"1219","GGTGCTGGTTCAAGAT.1",0.713786185210349,62
"1220","GGTGCTTCAGTAGGAT.1",0.619330712027819,47
"1221","GGTGCTTCATGCATAT.1",0.164114646568694,6
"1222","GGTGTTGTCTTGCTAT.1",0.610377433897178,45
"1223","GGTTACCCAGCATGAG.1",0.245969716848034,13
"1224","GGTTACTAGTGAACCT.1",0.59865034272651,44
"1225","GGTTAGCGTCACCTAT.1",0.757399462244062,66
"1226","GGTTATATCACAAGCT.1",0.600490135482135,44
"1227","GGTTATGGTAATAGCT.1",0.858830193293434,74
"1228","GGTTCTTGTAGCTGCG.1",0.360021060733711,23
"1229","GGTTCTTGTTAAATGC.1",0.419654094285386,26
"1230","GGTTGAGCATTGGGAG.1",0.268794791548961,16
"1231","GGTTGCGGTCAGGAAG.1",0.833593145222706,71
"1232","GGTTGCTCACCTGTAA.1",0.262768628861684,15
"1233","GGTTGGTGTAGTTAAC.1",0.566871640843255,39
"1234","GGTTTAATCACTAGGT.1",0.427537080665557,27
"1235","GGTTTAATCTCCATGC.1",0.575848865952225,40
"1236","GGTTTGTAGAATCGCT.1",0.243717432805088,13
"1237","GTAAAGCCACAAAGAC.1",0.52333688590556,33
"1238","GTAAAGCCACAGGAAT.1",0.295196670753307,19
"1239","GTAAGCTTCGATAACC.1",0.721029963318942,63
"1240","GTAAGGTCATTGCGAC.1",0.252538161067861,14
"1241","GTACACCCAACGTGCT.1",0.191615700225716,9
"1242","GTACACCCAGGCGAGT.1",0.943626153841237,79
"1243","GTACCGGGTTAGGTTG.1",0.524425422452929,33
"1244","GTACCTTGTCATTACC.1",0.282035486626138,17
"1245","GTACGTAGTACCGAAC.1",0.833154362712941,71
"1246","GTACGTAGTCCGGTTC.1",0.885148667089273,75
"1247","GTACGTAGTCTAACCT.1",0.593561580645459,43
"1248","GTACGTAGTGTGTCCC.1",0.311989362563633,20
"1249","GTACGTAGTTGTCCAT.1",0.493827016160712,31
"1250","GTACTAATCAATGACC.1",0.613273657408264,46
"1251","GTACTAATCCATAAGC.1",0.566987522670051,39
"1252","GTACTAGGTGTTGCTT.1",0.522596223249424,33
"1253","GTACTAGGTTGCGGAT.1",0.535975248660844,35
"1254","GTACTGGTCATGGCCA.1",0.832238478288916,71
"1255","GTAGCCATCAAGCTTA.1",0.283118361609798,17
"1256","GTAGCGCTCCGCCTAT.1",0.552468632153791,37
"1257","GTAGCTGTCCCGAAGC.1",0.410786175760639,26
"1258","GTAGGAGGTTTCCGGC.1",0.408168929920919,26
"1259","GTAGGCGAGCATGAAG.1",0.155827637575561,6
"1260","GTAGGCGAGGTAAGGC.1",0.265439239726492,16
"1261","GTAGTTATCCTAGTCC.1",0.819901950330693,70
"1262","GTAGTTTCAAGGCCAA.1",0.576562771182975,40
"1263","GTAGTTTCATTAAAGG.1",0.854764770330266,73
"1264","GTATTCAAGTGAAGTG.1",0.656210924750785,54
"1265","GTATTGATCCCATAAA.1",0.949966915507582,79
"1266","GTATTGTCAATAATGG.1",0.535201553473026,35
"1267","GTATTGTCAGGAAGCC.1",0.493259648196205,31
"1268","GTCAAACTCCCGCCTA.1",0.231447124068382,11
"1269","GTCATCACAATTGAAG.1",0.498379956895399,31
"1270","GTCATCACAGCATGTC.1",0.0537034827612971,1
"1271","GTCATCACAGCTTAAT.1",0.166612506920942,7
"1272","GTCATCCTCTAATCTC.1",0.828091091441062,71
"1273","GTCATGAGTGCCGCAA.1",0.263631903787956,15
"1274","GTCATGAGTTTAACCC.1",0.662259902783361,55
"1275","GTCATGAGTTTGGGTA.1",0.609636094925374,45
"1276","GTCATTAAGAACCTGT.1",0.925530511291397,78
"1277","GTCATTAAGTCAATTG.1",0.228073238569395,11
"1278","GTCCAAGTCCCGCAAA.1",0.216261208095488,10
"1279","GTCCAAGTCTACCTGC.1",0.209655465558988,10
"1280","GTCCTAGAGGATAAAC.1",0.690205518771333,59
"1281","GTCCTCCCAATAAGCA.1",0.544567064328332,36
"1282","GTCGAAGCAATGCGCT.1",0.385162675319794,25
"1283","GTCGAGGAGCAGGTGG.1",0.265718425641118,16
"1284","GTCGAGGAGGTGTCCA.1",0.706710987424964,61
"1285","GTCGGTTCAATCCTGA.1",0.272453520603137,16
"1286","GTCTAACAGGCGCATC.1",0.438991961686557,27
"1287","GTCTAATCATGGCCTG.1",0.746045315963143,65
"1288","GTCTAGCCAACATAAG.1",0.593757858549404,43
"1289","GTCTAGCCAATAGTCT.1",0.674545417288693,57
"1290","GTCTAGCCACAACAGG.1",0.809268826801096,69
"1291","GTCTAGCCATAAGTTC.1",0.694391807410664,59
"1292","GTCTATCGTCTTTATG.1",0.798186643292057,68
"1293","GTCTATCGTTTGGGTA.1",0.563407277721316,38
"1294","GTCTATGCAAGCGATG.1",0.470524030650852,29
"1295","GTCTCACTCTCCTCAA.1",0.542406519048363,35
"1296","GTCTTTAGTCCGGTTC.1",0.257295783283408,14
"1297","GTCTTTGTCCCTGATC.1",0.624457210018119,48
"1298","GTGAACAAGTTCCCAC.1",0.624423655770964,48
"1299","GTGAACAAGTTTGGTA.1",0.22783128554546,11
"1300","GTGAATCTCGGGACTC.1",0.174921355486952,7
"1301","GTGAATCTCGTCAAGT.1",0.855408695239404,73
"1302","GTGAATCTCTCACTAT.1",0.603581612813596,45
"1303","GTGAGCGAGTAACCCG.1",0.401207972690899,25
"1304","GTGATGAAGGACTTAC.1",0.696098641514641,60
"1305","GTGCACGGTGCGCGTA.1",0.334220903224026,22
"1306","GTGCACGGTTATTGCC.1",0.826828021081498,71
"1307","GTGCGGTTCAACAAGG.1",0.975921946315519,80
"1308","GTGCGGTTCTGTAAGC.1",0.648744064346606,53
"1309","GTGCTCCGTATCTGGA.1",0.512381528433603,32
"1310","GTGCTCCGTCAGTAAT.1",0.495895871621678,31
"1311","GTGCTCCGTTTACGTC.1",0.369298485818898,24
"1312","GTGCTGATCCGCACAA.1",0.0777499154543281,2
"1313","GTGCTGATCTAACCAA.1",0.612711603680266,46
"1314","GTGCTTACACAATGCC.1",0.658996073202925,55
"1315","GTGCTTCTCCTGGTCT.1",0.899413903947397,76
"1316","GTGGACACAAACCTAT.1",0.810660101057071,69
"1317","GTGGACACAATGCCCG.1",0.176650463141408,7
"1318","GTGGATGCAGGAACTG.1",0.725985176250213,63
"1319","GTGGCTTCAGCTAACC.1",0.564268040191801,38
"1320","GTGGCTTCAGTTTGTG.1",0.312625217555737,20
"1321","GTGTAACTCAGGCCTA.1",0.517625075564321,33
"1322","GTGTAACTCCAGGTCA.1",0.289500311326841,18
"1323","GTGTAACTCCGCCTAT.1",0.800602566321113,69
"1324","GTGTCCAAGGTACCGC.1",0.278641007898549,17
"1325","GTGTGAGCAGATTCAT.1",0.717739489166843,63
"1326","GTGTGCGGTGGCTTCC.1",0.252822047998913,14
"1327","GTGTGTTAGCCACATG.1",0.727286038551854,63
"1328","GTGTTACAGGTCATTA.1",0.745232044500152,65
"1329","GTGTTACAGTAAGAAC.1",0.463970345932987,28
"1330","GTTAACCAGCGGATTT.1",0.625773276753747,49
"1331","GTTAACCAGGAAACTG.1",0.717867575425641,63
"1332","GTTAACGGTTTATCGC.1",0.487576239136671,30
"1333","GTTAACGGTTTATTCG.1",0.234303413764213,12
"1334","GTTAACGGTTTGAGGC.1",0.804449411920308,69
"1335","GTTAAGCTCCAACTGG.1",0.620824700228762,47
"1336","GTTAAGTGTACTTAGG.1",0.694509925683103,59
"1337","GTTAAGTGTATGGTGC.1",0.614089529778789,46
"1338","GTTAAGTGTGCTCCGT.1",0.786562503821984,67
"1339","GTTACAGGTCAAAGAA.1",0.686838098786711,58
"1340","GTTACTAAGCACAGCC.1",0.193700596043216,9
"1341","GTTACTAAGCTTACTT.1",0.560996509323696,38
"1342","GTTACTAAGGGATGAC.1",0.966762411732792,80
"1343","GTTACTAAGTTGGATC.1",0.354256609234682,23
"1344","GTTAGACTCTTGTCCA.1",0.521467005505443,33
"1345","GTTCACCTCAATCTAG.1",0.907432373615995,77
"1346","GTTCACCTCCCGAACA.1",0.0715086371994,2
"1347","GTTCATTTCCTAATGA.1",0.256755976305156,14
"1348","GTTCCCAGTCTATCGT.1",0.272794286940495,16
"1349","GTTCCTTCACCTGCCT.1",0.348146259899721,22
"1350","GTTCCTTCATCCAGGT.1",0.620132825032413,47
"1351","GTTCGCGCACCTAAGC.1",0.942244812427127,79
"1352","GTTCTTGTCCTGAGTG.1",0.817758383982549,70
"1353","GTTGCATAGAGAGCCG.1",0.364740485231964,24
"1354","GTTGCATAGCCTAATA.1",0.907398525194795,77
"1355","GTTGCCCGTTACTTGC.1",0.583263618956671,41
"1356","GTTGCGGGTCTATCGT.1",0.173257084280973,7
"1357","GTTGGAGCACGTAATT.1",0.760018060133903,66
"1358","GTTGGCCAGCACAGCC.1",0.810936571740751,69
"1359","GTTGGCCAGCACTTGG.1",0.680146845078013,58
"1360","GTTGTGAGTGTGAGGA.1",0.645030299348046,52
"1361","GTTGTTGCACCACAAC.1",0.147780536337163,5
"1362","GTTTAACCAATAATCC.1",0.621786564159092,48
"1363","GTTTAACCACACCAAC.1",0.137844789436774,5
"1364","GTTTAACCACGCAACT.1",0.0667222674350759,2
"1365","GTTTAACCAGAGAGCC.1",0.578872573416931,40
"1366","GTTTAGCAGCAAGGTA.1",0.407408803529477,25
"1367","GTTTCAGCAAACCTAT.1",0.718045743984582,63
"1368","GTTTCCTCAAGCGATG.1",0.174178591935157,7
"1369","GTTTCCTCATAGCGGA.1",0.277161411439631,17
"1370","GTTTGTAAGGTCCGTA.1",0.885158648978739,75
"1371","GTTTGTAAGTAACCAC.1",0.198921467096484,9
"1372","TAACAAGCAGAAATGC.1",0.490757058222561,30
"1373","TAACCAGGTGTTTGCT.1",0.120992565273549,4
"1374","TAACCAGGTTTATCGC.1",0.142565685694263,5
"1375","TAACCGGTCCGCAAAT.1",0.0918611107773364,3
"1376","TAACCGGTCCTGAATA.1",0.231415519936285,11
"1377","TAACCGGTCGCGCTAA.1",0.673556942940397,56
"1378","TAAGCTGGTTAGGACC.1",0.473391870449989,29
"1379","TAAGGACCACATGCTA.1",0.710224525120075,61
"1380","TAAGGACCACCTGGTG.1",0.239697206689408,13
"1381","TAAGGCTTCTTTGAGA.1",0.824305249593281,71
"1382","TAAGTAGCATCACTTC.1",0.228806182080092,11
"1383","TAATGCATCCTCAGCT.1",0.715517580079697,62
"1384","TAATGGACAACAACAA.1",0.73314379549052,64
"1385","TAATGGACAGGAACTG.1",0.595660630323138,43
"1386","TAATGGTGTGGATTGC.1",0.520720219197824,33
"1387","TAATGGTGTTAAGCTG.1",0.734589577387731,64
"1388","TAATGGTGTTTATTCG.1",0.653260645068528,54
"1389","TACAGGTTCCTCAGCT.1",0.636518047479657,50
"1390","TACATCAAGCATGACT.1",0.184719226961358,8
"1391","TACCAAATCCTGGCTT.1",0.233581704540197,12
"1392","TACCAAATCGATATTG.1",0.820929675492187,70
"1393","TACCCGGCATTGTCCT.1",0.62753517131544,49
"1394","TACCGAAGTAGTTAAC.1",0.712481003899286,62
"1395","TACCTGCTCCTCCCTC.1",0.611847992840021,46
"1396","TACCTTAGTCTAACAG.1",0.690243935786147,59
"1397","TACCTTTAGCAACAAG.1",0.749686421745021,65
"1398","TACCTTTAGCACTTGG.1",0.308559393498228,20
"1399","TACGCACCAGTATGTT.1",0.609712306966438,45
"1400","TACGCTTGTAACGGGA.1",0.274730201849976,16
"1401","TACGCTTGTAATCCCT.1",0.236448478264779,12
"1402","TACGCTTGTTCCTGTG.1",0.85690910563906,73
"1403","TACGGATTCAATAGCC.1",0.322132647420026,21
"1404","TACGGTTAGTAGGATG.1",0.835828731667019,72
"1405","TACGTAATCTCCTCAA.1",0.237291350842065,12
"1406","TACGTACAGCGGGCAA.1",0.182808947217316,8
"1407","TACGTTAAGGCAGGTG.1",0.497572645870405,31
"1408","TACTAAGTCGTCAAGT.1",0.236701748219649,12
"1409","TACTCAAAGAACCTAC.1",0.447469190056978,28
"1410","TACTCGCTCAAGTGTC.1",0.282467446034833,17
"1411","TACTGACAGGCTCATG.1",0.240706183328854,13
"1412","TACTGAGGTTACGCAA.1",0.1705250287616,7
"1413","TACTGGCCAACTAGGG.1",0.356567422110304,23
"1414","TACTTCGTCATGTGGT.1",0.294018156998664,18
"1415","TAGCATATCATAACTG.1",0.210286438494958,10
"1416","TAGCATATCTCACTAT.1",0.918769427696863,78
"1417","TAGCCTGAGACAGGCG.1",0.520694912396233,33
"1418","TAGCCTGAGCTACTGG.1",0.189158137435477,9
"1419","TAGCCTTGTCAATACG.1",0.537725688711006,35
"1420","TAGCGGACAATCCTGA.1",0.429743997621512,27
"1421","TAGCGGACAGCATGTC.1",0.628824510423788,49
"1422","TAGCGGCTCACTTTAC.1",0.880331589384997,75
"1423","TAGCGGCTCATGAAGG.1",0.128027090997981,4
"1424","TAGCTAGGTATTCGTC.1",0.853523571735243,73
"1425","TAGCTTGCAAACTAAG.1",0.124688509640332,4
"1426","TAGCTTGCATTTGCTC.1",0.67493627667139,57
"1427","TAGGAACCAGTTTGTG.1",0.656069778707216,54
"1428","TAGGAGGGTATTACCC.1",0.386714533474966,25
"1429","TAGGAGGGTCCTTCAG.1",0.268640388671214,16
"1430","TAGGAGGGTTTGAGGC.1",0.569219154415957,39
"1431","TAGGAGTCACTGGCTG.1",0.544460584706673,36
"1432","TAGGCTAGTCACCAAA.1",0.876151718240601,74
"1433","TAGGCTAGTCGCAATA.1",0.834810677419151,72
"1434","TAGGCTAGTTCCTGAT.1",0.152190144252708,5
"1435","TAGGTGCGTTGAGCCG.1",0.512745373701933,32
"1436","TAGGTGCGTTGTTGGA.1",0.645974850807449,52
"1437","TAGGTTATCATAGACC.1",0.460766015456153,28
"1438","TAGGTTATCCTTGTTG.1",0.545922380825326,36
"1439","TAGGTTGGTGGGAACA.1",0.588221700006054,42
"1440","TAGTAAGCAGGGAGCT.1",0.273153217031502,16
"1441","TAGTAAGCAGTAAAGC.1",0.622532011717285,48
"1442","TAGTAAGCATAATCCG.1",0.165602985475484,6
"1443","TAGTACGGTCGCAAAC.1",0.384420239686769,25
"1444","TAGTACGGTTAATGAC.1",0.769930103751172,66
"1445","TAGTAGGAGCCTGTTC.1",0.786473589326846,67
"1446","TAGTAGGAGGTTACAC.1",0.54149113820424,35
"1447","TAGTGAGAGATAAAGC.1",0.838369102376699,72
"1448","TAGTGGCGTGTTCCCA.1",0.298408711394089,19
"1449","TAGTGTGGTGATGGCT.1",0.671743691543315,56
"1450","TATAGCCAGACACTTA.1",0.156826513076607,6
"1451","TATAGCTCATTGTGGC.1",0.236667818318361,12
"1452","TATATCCTCAGTTCCC.1",0.0681618269895437,2
"1453","TATATCCTCATTTGTC.1",0.253083174935327,14
"1454","TATATCCTCCGCAACA.1",0.700500101855217,60
"1455","TATCCAGCATAACGGG.1",0.951602043387353,79
"1456","TATCCGGAGCCTCTGT.1",0.968380792726696,80
"1457","TATCGAGGTGATGAAA.1",0.634194490996587,50
"1458","TATCGAGGTGTGAGGA.1",0.526532201181284,34
"1459","TATCGCACACAAAGCG.1",0.319635938168312,21
"1460","TATCGCGAGGGTTATC.1",0.376983356345927,24
"1461","TATGAAGCATTTGCTC.1",0.607811070403964,45
"1462","TATGCATCAGAACCGA.1",0.339021638006923,22
"1463","TATGGATGTTCCTGAT.1",0.923947315218102,78
"1464","TATGGCCCACAGCCTG.1",0.319835435514818,21
"1465","TATGGCCCACATTAAC.1",0.0222578524988391,1
"1466","TATGTGATCTAACCTT.1",0.5808348486168,41
"1467","TATTACCTCCTTAGGG.1",0.472264734051175,29
"1468","TATTACCTCGTTATCT.1",0.319261897901911,21
"1469","TATTAGGTCGATTTAG.1",0.581864234789371,41
"1470","TATTAGGTCGGCTAGC.1",0.688854494657279,59
"1471","TATTCGTTCGGTTAGT.1",0.211039014102801,10
"1472","TATTGACCAAGTCGCT.1",0.251644142920222,14
"1473","TATTGACCAGCAACAG.1",0.561669833911562,38
"1474","TATTGACCAGCTTAAT.1",0.644966647907248,52
"1475","TATTTGCTCTAAGTCA.1",0.570844674618191,39
"1476","TATTTGGAGTTAGACC.1",0.627244352716806,49
"1477","TCAACAATCATTACAG.1",0.215553755838142,10
"1478","TCAAGACTCCGTTAAA.1",0.812300516971498,70
"1479","TCAAGCTAGTTGTCAA.1",0.419353647686501,26
"1480","TCAAGGAAGGGTCTAT.1",0.691742962263748,59
"1481","TCAAGGTTCCGGGACT.1",0.912373240992724,77
"1482","TCACATAAGGCTTAGT.1",0.193298329689418,9
"1483","TCACCGGCAACTAGCC.1",0.503049567437097,32
"1484","TCACCGGCAATTTGGT.1",0.693922577063346,59
"1485","TCACCGGCATTAGGCC.1",0.0583887713525715,1
"1486","TCACGGATCTCCATGC.1",0.618465949436589,47
"1487","TCACTGACAGTTTGTG.1",0.385021674511585,25
"1488","TCAGCAAGTAATCCCT.1",0.58605365953261,41
"1489","TCAGCAAGTTACTAGG.1",0.534749714162128,35
"1490","TCAGCCTTCCTCCTAA.1",0.891436033027144,76
"1491","TCAGCGATCTTTAGGA.1",0.490521847819319,30
"1492","TCAGGAGCAAATACCT.1",0.728832223800367,63
"1493","TCAGGTCCATAAGGAC.1",0.675731808500418,57
"1494","TCAGTAATCGAGGAAC.1",0.604513877646422,45
"1495","TCAGTAGGTTGCGTAA.1",0.64581299032443,52
"1496","TCAGTGAGTGAATCGC.1",0.70256099079895,60
"1497","TCATACTTCCGCAAAT.1",0.702147108066721,60
"1498","TCATACTTCGGTCAGC.1",0.30622001498104,20
"1499","TCATTGCGTGTTGCAA.1",0.894283121494441,76
"1500","TCATTGCGTTTATCTG.1",0.88439701182524,75
"1501","TCATTGTTCATAGCCG.1",0.941900329665031,79
"1502","TCATTTGGTCATCATC.1",0.94315167257294,79
"1503","TCATTTGGTGATGATT.1",0.65602181207935,54
"1504","TCCACAACAAACAACA.1",0.755230390394213,65
"1505","TCCAGCAAGCACTTGG.1",0.856975007246817,73
"1506","TCCAGCAAGCTTAACA.1",0.204228479789606,9
"1507","TCCAGCAAGCTTACTT.1",0.668479913517267,56
"1508","TCCAGCAAGGTTAGCT.1",0.802136393181118,69
"1509","TCCAGGATCAATACGC.1",0.642016908542002,51
"1510","TCCAGGATCTACCTAT.1",0.566191536618295,38
"1511","TCCATCATCAAGTGAG.1",0.817593413267194,70
"1512","TCCATGCTCCCGCAAA.1",0.909842938133488,77
"1513","TCCCTGGTCTTGCAGG.1",0.597879996322968,44
"1514","TCCGCCATCATTTGCT.1",0.113952322780772,4
"1515","TCCGGTAAGGCATGAA.1",0.691375722347642,59
"1516","TCCGGTAAGTAACCAC.1",0.281478079054738,17
"1517","TCCGGTTTCAAGCCTG.1",0.730458296840567,64
"1518","TCCGGTTTCACTCGCT.1",0.657551592411359,54
"1519","TCCTAGTGTATTGAGT.1",0.166594672928944,7
"1520","TCCTAGTGTTTCGCGC.1",0.206585169483618,10
"1521","TCCTCAATCAGTGAAG.1",0.515524209343419,33
"1522","TCCTCACAGTGACCTG.1",0.756100911678119,65
"1523","TCCTCTAAGTCAGGCC.1",0.0697149439966001,2
"1524","TCCTGGTTCCCTCATA.1",0.222479731746839,11
"1525","TCCTGGTTCGAAGTAG.1",0.814722417426729,70
"1526","TCCTGGTTCTAAGTGC.1",0.925977033364566,78
"1527","TCCTTCAAGCAAGATG.1",0.608552136953393,45
"1528","TCCTTCAAGCTAATCA.1",0.178970210917738,8
"1529","TCGACAAGTAAATTGC.1",0.567614762385575,39
"1530","TCGATTAAGGCATGTT.1",0.676579483156606,57
"1531","TCGCATTGTAACTACG.1",0.295798579655811,19
"1532","TCGCCCATCCAGGTCA.1",0.352513545532358,23
"1533","TCGCCCATCCGCTAGA.1",0.0955794861475311,3
"1534","TCGCGAGGTTAACACG.1",0.678631999260108,57
"1535","TCGCTAACAAGGTGCA.1",0.40100611807974,25
"1536","TCGCTAACAATCATGT.1",0.157515709784304,6
"1537","TCGCTAACATTGTCCT.1",0.937043287935757,79
"1538","TCGGTAAGTCACGGAT.1",0.638857396970774,51
"1539","TCGGTTACACTCAACA.1",0.22489198710462,11
"1540","TCGGTTCTCACTTCAT.1",0.637939837458503,51
"1541","TCGTAATCAATCCTAG.1",0.714620675128845,62
"1542","TCGTCAACACAAGCCT.1",0.821947948482251,70
"1543","TCGTGCTTCTTGTCCA.1",0.855329743855351,73
"1544","TCGTTAAAGTCTTGAA.1",0.287413642379075,18
"1545","TCGTTAGCATGCTTAG.1",0.291315076017893,18
"1546","TCGTTATTCCAAGTGT.1",0.446168060449197,28
"1547","TCTAATCTCACGTTAA.1",0.915079261889208,77
"1548","TCTACCTCAATTAGGA.1",0.63954854166914,51
"1549","TCTAGCACAGCATTAT.1",0.423892412814135,27
"1550","TCTCAAGCAAACGGGC.1",0.679597249181856,58
"1551","TCTCAATTCATGGTTA.1",0.60291436637805,44
"1552","TCTCACCAGTCTCACC.1",0.958918447137224,80
"1553","TCTCCTCGTCACGAAC.1",0.712057506932052,62
"1554","TCTCCTCGTCCGTAGG.1",0.325413119265014,21
"1555","TCTGTGACAATTAGGA.1",0.311779870742823,20
"1556","TCTTAGTTCATCCACC.1",0.60651116196383,45
"1557","TCTTAGTTCCTTAGGG.1",0.423845696145141,27
"1558","TCTTAGTTCTATTGTC.1",0.0799118107423938,2
"1559","TCTTCAAGTTTGGCTT.1",0.727344540250013,63
"1560","TCTTGACGTGTTTGTC.1",0.536896745197304,35
"1561","TCTTGTCCAAAGGTAC.1",0.320531467749649,21
"1562","TGAAACTGTTACTTGC.1",0.532248391910173,34
"1563","TGAACAGAGTATTGTG.1",0.625686249474854,49
"1564","TGAACAGAGTGAACAG.1",0.696153423982712,60
"1565","TGAAGCAAGTTACCGG.1",0.246939145633519,13
"1566","TGAAGGATCATCAGTA.1",0.997447906670326,80
"1567","TGAAGTGAGTGAGCGG.1",0.583197635725516,41
"1568","TGACCAAGTTGTGACA.1",0.55946371480175,37
"1569","TGACCTTGTGTCCAAA.1",0.602913785380101,44
"1570","TGACTTAAGGGTGAGT.1",0.808640681612019,69
"1571","TGACTTAAGGTATTGC.1",0.417187176006773,26
"1572","TGACTTAAGTAGAGGC.1",0.537936358396133,35
"1573","TGAGCAAAGCTGTAAC.1",0.183797377141586,8
"1574","TGAGCCGGTAACGGGA.1",0.702084090404775,60
"1575","TGAGCCGGTGTGCACG.1",0.673908973879116,56
"1576","TGAGCCGGTTCGCGCT.1",0.610785063423771,46
"1577","TGAGGAGGTCGCAATA.1",0.709294136335569,61
"1578","TGAGGAGGTTTGGGTA.1",0.595596771359757,43
"1579","TGAGGCACAAACCTTG.1",0.617290994634169,47
"1580","TGAGGCACATTAGGCC.1",0.555375414884467,37
"1581","TGAGGGCCAAGGCCAA.1",0.79994494436493,69
"1582","TGAGGTGCATACTCCT.1",0.487078364439195,30
"1583","TGAGTGAAGGGCTAAA.1",0.360758935041778,23
"1584","TGAGTGAAGTTAGCCG.1",0.649080730672128,53
"1585","TGAGTTTCAATGCGCT.1",0.57070755943919,39
"1586","TGAGTTTCATCCCGCT.1",0.679261898181641,58
"1587","TGATCACAGGTCCACA.1",0.834684570591802,72
"1588","TGATCAGGTCCTTAGT.1",0.300257733690435,19
"1589","TGATCGAGTTAGAGCC.1",0.75482034438604,65
"1590","TGATGACTCACGCATG.1",0.67831286006277,57
"1591","TGATGACTCTTCAATC.1",0.65347268299606,54
"1592","TGATGATGTCAGTAAT.1",0.578746644677722,40
"1593","TGATGATGTCGTTACT.1",0.258303204118161,15
"1594","TGATGATGTTATAGCG.1",0.429016157071184,27
"1595","TGATTAGTCTTGAGCG.1",0.277326753005979,17
"1596","TGATTCAAGCTTAGTA.1",0.910381508938657,77
"1597","TGATTCAAGTGCACGC.1",0.633543893951663,50
"1598","TGATTGCAGCTTTGTT.1",0.594319077360277,43
"1599","TGATTGCAGGCTGGCT.1",0.485389561116379,30
"1600","TGCAATATCCTTAATC.1",0.62078771696559,47
"1601","TGCAATATCTGTAAGC.1",0.695254851215404,60
"1602","TGCACACCAGTTTGTG.1",0.254000068660334,14
"1603","TGCACCTTCTTTAGGA.1",0.145464563463009,5
"1604","TGCACTTGTAGGATTT.1",0.332557353174842,21
"1605","TGCAGGCTCCTCCCTC.1",0.70683404879593,61
"1606","TGCATGAGTTGAGGTC.1",0.29686696955558,19
"1607","TGCATTAAGGTGAAAT.1",0.532600915467712,35
"1608","TGCCGGTAGCTGTAAC.1",0.290818209896999,18
"1609","TGCCGGTAGGCCTTAG.1",0.709185260232569,61
"1610","TGCCGGTAGGTCCGTA.1",0.309334520311186,20
"1611","TGCCTGTTCCGCCTCA.1",0.586758331870989,42
"1612","TGCCTGTTCCTTGAGG.1",0.84362893999161,72
"1613","TGCCTGTTCGATATTG.1",0.309902547850625,20
"1614","TGCCTGTTCGTTATAG.1",0.910687567559211,77
"1615","TGCGGTTCATTATGAC.1",0.685590796734601,58
"1616","TGCTAACAGGCCTGGT.1",0.352506758378094,23
"1617","TGCTAGCCAGGTCCTG.1",0.14559716821794,5
"1618","TGCTATGCATCTTGAG.1",0.170827791554078,7
"1619","TGCTCAACAGGTTTGC.1",0.846891065824229,73
"1620","TGCTCAACATCCTAGA.1",0.793441773939768,68
"1621","TGCTCAACATCTTGAG.1",0.319290101206908,21
"1622","TGCTCACTCAATTACG.1",0.503947310300404,32
"1623","TGCTCTCAGCTCCCTG.1",0.668334618781974,56
"1624","TGCTGGATCCTTAAGA.1",0.897541550642066,76
"1625","TGCTTAAAGCGAGTAA.1",0.640041148406955,51
"1626","TGCTTGCTCGTTATCT.1",0.654547716987873,54
"1627","TGCTTGCTCTTGTCTG.1",0.63672582627508,50
"1628","TGCTTGTGTGTTTGTC.1",0.280647557615967,17
"1629","TGCTTTAGTTTGGGCG.1",0.186265567957549,8
"1630","TGGAACAAGGTAGCTT.1",0.923253168710995,78
"1631","TGGACCGGTCGCATAA.1",0.625708790733417,49
"1632","TGGACGGAGAGGCTAA.1",0.90824239676752,77
"1633","TGGCCAATCATGCTCC.1",0.0785934422912576,2
"1634","TGGCCAATCCACCTTA.1",0.566662758007173,39
"1635","TGGCCATCAACTCGCG.1",0.732669706311357,64
"1636","TGGCCATCACAAGCCT.1",0.840406308122328,72
"1637","TGGCGGTTCCCGTTTA.1",0.628194791933465,49
"1638","TGGCTAAGTGACATGC.1",0.635981216112161,50
"1639","TGGCTATAGGCTTAGT.1",0.712414517049617,62
"1640","TGGGCATGTAGGTTGC.1",0.658722882809967,55
"1641","TGGGCATGTTAACGAT.1",0.614066965324686,46
"1642","TGGTAAACAAGGGTTG.1",0.616192445695944,46
"1643","TGGTAAACAATGAGGT.1",0.616830410491684,47
"1644","TGGTAAACACAAAGCG.1",0.464148473898635,28
"1645","TGGTCAAGTATTGGAT.1",0.520518526598875,33
"1646","TGGTCCTTCATGGCTG.1",0.153586820033474,6
"1647","TGGTCCTTCCCGAAGC.1",0.534217437135549,35
"1648","TGGTCCTTCCCGCATT.1",0.0743333421399668,2
"1649","TGGTGATTCCGGCTAA.1",0.79251212578818,68
"1650","TGGTGATTCTGCAAGT.1",0.598270193676965,44
"1651","TGGTGCATCGGTTAGT.1",0.745573522930407,65
"1652","TGGTGCATCTCATCAT.1",0.584007393848103,41
"1653","TGGTTAATCACCGGTA.1",0.793297744271616,68
"1654","TGGTTAATCCAGGTCA.1",0.530747363088633,34
"1655","TGGTTAATCCGGCTAA.1",0.522456824104017,33
"1656","TGGTTAATCCTAAATG.1",0.560870205514884,38
"1657","TGGTTCCTCAAGTGAG.1",0.372679434824126,24
"1658","TGGTTCCTCCCTGATC.1",0.615107934964038,46
"1659","TGGTTCCTCTTTGAGA.1",0.205993510967912,10
"1660","TGGTTCTGTAGACAAA.1",0.87340698806567,74
"1661","TGGTTCTGTGATGAGG.1",0.548217495674026,36
"1662","TGGTTGAGTGCATTAG.1",0.440543539952576,27
"1663","TGGTTGAGTGTTGCAA.1",0.506147707454053,32
"1664","TGGTTGAGTTTAACCC.1",0.702836777705394,61
"1665","TGTAAAGCAAGGTCCT.1",0.876363186916834,74
"1666","TGTAAAGCAGCTTAGC.1",0.285146199569011,18
"1667","TGTAACTCAAACAACA.1",0.500706156664144,31
"1668","TGTAACTCAATCCTGA.1",0.216563515965702,11
"1669","TGTAACTCATAAACCT.1",0.231976541778195,12
"1670","TGTAACTCATGTCGCG.1",0.623666739433295,48
"1671","TGTAAGCTCATCACTT.1",0.649799192766475,53
"1672","TGTAAGCTCCGGTTGA.1",0.71401474686062,62
"1673","TGTAAGTGTAAAGCGG.1",0.728630075548425,63
"1674","TGTAAGTGTCGTAAAT.1",0.259755977877375,15
"1675","TGTAATGTCTTGAGCG.1",0.59129388809844,42
"1676","TGTATCCGTACCAGGT.1",0.303130325719481,19
"1677","TGTATCGCAAGGTCCT.1",0.357195945924175,23
"1678","TGTCCTGGTGGAAACG.1",0.749228196224993,65
"1679","TGTCCTTCATCACAGC.1",0.880120371252603,75
"1680","TGTGATCAGTTGCCTC.1",0.469888941138639,29
"1681","TGTGCGCAGCATTAGC.1",0.0696844734930466,2
"1682","TGTGCTGAGACAAACG.1",0.192829284577294,9
"1683","TGTGGAGCACAGCCTG.1",0.491034280717545,31
"1684","TGTGGAGCACCTGCTC.1",0.605482407095497,45
"1685","TGTGGCCAGCTTCCCG.1",0.673230048807817,56
"1686","TGTGGCGGTTAGCATG.1",0.680338062039501,58
"1687","TGTGGCTCACTGGCCA.1",0.764360428256497,66
"1688","TGTGTGAGTATGGTGC.1",0.205723039127329,9
"1689","TGTGTTAAGCTTAACA.1",0.37656798977275,24
"1690","TGTTATGAGATTGAGG.1",0.604043316978701,45
"1691","TGTTATGAGCCACATG.1",0.799812641313465,68
"1692","TGTTCATTCGCTATAA.1",0.661480030557684,55
"1693","TGTTCATTCTTAGTCT.1",0.689889803178581,59
"1694","TGTTGGCCATTAAGCT.1",0.584692940823066,41
"1695","TGTTGTAAGTAGGATG.1",0.247894579085886,14
"1696","TGTTGTTTCAGGTTTA.1",0.154097391194102,6
"1697","TGTTGTTTCCACCCTG.1",0.421822437457476,27
"1698","TGTTTGTTCAAACTCA.1",0.633484281924884,50
"1699","TGTTTGTTCCTCCATA.1",0.407413660473467,26
"1700","TTAAAGGCACCTCAGG.1",0.730157605376877,64
"1701","TTAAAGGCACTAAGTT.1",0.603312963973365,44
"1702","TTAAAGGCAGGAACTG.1",0.261288310648936,15
"1703","TTAACTGAGCTACTGG.1",0.646000654439138,53
"1704","TTAACTGAGCTTCCCG.1",0.271021466820974,16
"1705","TTAACTGAGGCAATAG.1",0.495136642526537,31
"1706","TTAAGTGTCAGTATTG.1",0.256246537887347,14
"1707","TTAAGTGTCGCTAGCA.1",0.788486029486972,67
"1708","TTAATCGAGGAGGCAT.1",0.339520849800098,22
"1709","TTACACCGTGGACCTG.1",0.600706407284905,44
"1710","TTACCTGTCCTGTTCA.1",0.201971529932174,9
"1711","TTACCTGTCCTTAGTT.1",0.713354260472025,62
"1712","TTACGTTTCCCGAAGC.1",0.768503875590178,66
"1713","TTACGTTTCCTCATCA.1",0.91716777660938,78
"1714","TTACGTTTCTAACCTT.1",0.526860547787132,34
"1715","TTAGAAGCACCTACGG.1",0.912548839817094,77
"1716","TTAGCAATCTAGCTTT.1",0.179977724717051,8
"1717","TTAGCCTGTCTCAGCC.1",0.649565334096709,53
"1718","TTAGCGGTCTATGACA.1",0.852117732814825,73
"1719","TTAGCGGTCTTGCTAT.1",0.55822331487409,37
"1720","TTAGGAACACAATTAC.1",0.6354436483536,50
"1721","TTAGGATGTCAAGACC.1",0.33916294944138,22
"1722","TTAGGATGTCAATGTG.1",0.545441145413564,36
"1723","TTAGGCTAGCACTTGG.1",0.488326921522271,30
"1724","TTAGGCTAGGTGCGGA.1",0.233654489582679,12
"1725","TTAGGCTAGTAAGGGC.1",0.547743642821462,36
"1726","TTAGTCAAGCATGACT.1",0.621208382063934,47
"1727","TTAGTCAAGGGTGAAC.1",0.527958146790589,34
"1728","TTATAGCCACAACAGG.1",0.475602053628792,29
"1729","TTATCCGTCATTATGG.1",0.159906340950312,6
"1730","TTATCCGTCGATTCTT.1",0.277130500928965,17
"1731","TTATCCGTCTATTGTC.1",0.668741195748737,56
"1732","TTATGCGCACTTAGGC.1",0.0557968714543408,1
"1733","TTCAACCGTAACGGGA.1",0.374049270564068,24
"1734","TTCAACCGTTCGGTAA.1",0.593096306876307,43
"1735","TTCACTGTCTGTAAGC.1",0.566259735807121,38
"1736","TTCAGGTAGTTAACCA.1",0.537527524444959,35
"1737","TTCAGTTTCATTTGTC.1",0.663256071553111,55
"1738","TTCAGTTTCCTCATCA.1",0.624393553114969,48
"1739","TTCATTCAGCTATGAC.1",0.640171819507372,51
"1740","TTCATTCAGGAACGGT.1",0.701307470609953,60
"1741","TTCATTCAGGTGTTAC.1",0.669008010204456,56
"1742","TTCATTCAGTTTAACG.1",0.619348225343335,47
"1743","TTCCCACAGTAGGCGG.1",0.66780399368519,56
"1744","TTCCCACAGTGCACGC.1",0.710152492334004,61
"1745","TTCCCGCCAAGGAATC.1",0.93258143105287,78
"1746","TTCCTCAAGACTATTG.1",0.476394000501149,29
"1747","TTCCTCAAGGCGCTTA.1",0.687984537713267,58
"1748","TTCCTTCTCCGTTAAA.1",0.141921799045032,5
"1749","TTCCTTGAGCACAGAA.1",0.165786273288878,7
"1750","TTCGCAACACAAAGCG.1",0.702881800010139,61
"1751","TTCGGTACATTATGCG.1",0.704528332868982,61
"1752","TTGACGTAGCCAGTAT.1",0.854699328586705,73
"1753","TTGAGGCGTCCCGAAG.1",0.457055859902319,28
"1754","TTGCAACAGGTCATTA.1",0.763275988771908,66
"1755","TTGCAACAGTGAGGTA.1",0.898667092073257,76
"1756","TTGCACACATGAAGTA.1",0.594685453106069,43
"1757","TTGCACACATGGCCTG.1",0.782065627398936,67
"1758","TTGCAGCCAGTTATCG.1",0.887366359488865,75
"1759","TTGCAGCCATGGAGGC.1",0.715567227116673,62
"1760","TTGCAGCCATGGCCTG.1",0.625495477504021,48
"1761","TTGCATTTCTTTGTAC.1",0.391543258684439,25
"1762","TTGCCCGTCGTTCACC.1",0.632886232147966,50
"1763","TTGCGAGTCCTGTTCA.1",0.244743210564506,13
"1764","TTGCGTCTCTTGCTAT.1",0.304694099660085,20
"1765","TTGCTCTCAAGACTCC.1",0.257060711951445,14
"1766","TTGCTCTCACCAACCG.1",0.166969639541921,7
"1767","TTGCTTAGTGTTTGAG.1",0.775298137452334,67
"1768","TTGCTTTAGCACAGGG.1",0.235965870504945,12
"1769","TTGCTTTAGCCGCTAA.1",0.586735815147569,42
"1770","TTGCTTTAGGAATAAC.1",0.918646318305046,78
"1771","TTGCTTTAGGACCAGG.1",0.678898629364004,57
"1772","TTGCTTTAGGCGTAAA.1",0.112284635614327,4
"1773","TTGGATATCTTAGGAC.1",0.474110472746192,29
"1774","TTGGATCAGCTGCACA.1",0.100805900920884,3
"1775","TTGGATCAGGAGTCTT.1",0.534445901208186,35
"1776","TTGGCGGGTAAGCTCA.1",0.346486992316844,22
"1777","TTGGCGGGTTTCGCGC.1",0.856715697525991,73
"1778","TTGGCTACATTGACAT.1",0.578825284729088,40
"1779","TTGGCTGAGCACTAAC.1",0.63532908921529,50
"1780","TTGGCTGAGCGGCTGT.1",0.481188295988649,30
"1781","TTGGCTGAGGTATTGC.1",0.592343061522916,42
"1782","TTGGCTTGTGCTTACT.1",0.575266905170506,40
"1783","TTGGGCCAGGACAATG.1",0.853737818096191,73
"1784","TTGGGCGGTCCGTAGG.1",0.307042708693019,20
"1785","TTGGGTTAGCTTAGCG.1",0.378871205908813,25
"1786","TTGGGTTAGGGCCATC.1",0.630524227406209,49
"1787","TTGGGTTAGGTTAGCT.1",0.581323523146743,41
"1788","TTGGGTTAGTTTCCGC.1",0.110109652154777,4
"1789","TTGGTGAGTTAGAGCC.1",0.551436721749898,37
"1790","TTGTAAGTCCTTTACG.1",0.522711108716626,33
"1791","TTGTCCATCCTGCGAA.1",0.681499661688022,58
"1792","TTGTCCCAGAGGAAGG.1",0.301039353844239,19
"1793","TTGTCCGGTGTTTGTC.1",0.675351637748991,57
"1794","TTGTGAGGTTTGCGAA.1",0.514489585955786,32
"1795","TTGTGCCTCTTAAGTG.1",0.747494425272387,65
"1796","TTGTGCGAGGAGCAAC.1",2.51444659176645,80
"1797","TTGTGTGCATGAGCAG.1",0.140233649894685,5
"1798","TTGTTGTTCATTACGA.1",0.0959604152780703,3
"1799","TTGTTGTTCCTACCTA.1",0.549182763634644,36
"1800","TTGTTGTTCGGCTATG.1",0.595058304775573,43
"1801","TTGTTTGGTAATCGCA.1",0,1
"1802","TTGTTTGGTCAAGTGC.1",0.883566089550105,75
"1803","TTTAACCTCAGGGCCT.1",0.333784858594014,22
"1804","TTTAACCTCCCTGTTA.1",0.877681830945006,74
"1805","TTTAACGAGCAAGATG.1",3.15246387167787,80
"1806","TTTAAGCCACACTAAT.1",0.762390291009169,66
"1807","TTTAAGGTCAGCAAAG.1",0.501680122472384,31
"1808","TTTACGCGTCAATGTG.1",0.249384695588645,14
"1809","TTTAGCAAGTGAAGTG.1",0.674434396085427,57
"1810","TTTAGCTTCGTTAGTA.1",0.269475522088728,16
"1811","TTTAGGATCATGCTTT.1",0.869432950269571,74
"1812","TTTAGGATCTAGCTAA.1",0.840373073994787,72
"1813","TTTATGGAGGAGTCGG.1",0.704600904481905,61
"1814","TTTCAGTTCCTGAATA.1",0.788759924316588,68
"1815","TTTCAGTTCTAATCCT.1",0.666866740055625,56
"1816","TTTCATCAGGCCCAGT.1",0.644389290024297,52
"1817","TTTCATCAGGGATTAG.1",0.464346017591478,28
"1818","TTTCCTGAGATGCCTG.1",0.825068415163762,71
"1819","TTTCGTCCACAGACTC.1",0.180673054839992,8
"1820","TTTCTTGCAAGCGATG.1",0.888442739928431,75
"1821","TTTGACCGTTATCGAG.1",0.693696154481626,59
"1822","TTTGCATTCATTGACA.1",0.848701126467712,73
"1823","TTTGGCTGTCTTGCAT.1",0.355887028150371,23
"1824","TTTGTCTAGAAAGGAA.1",0.523955134781903,33
"1825","TTTGTCTAGAGCCGGA.1",0.517425740542526,33
"1826","TTTGTCTAGAGGAGTC.1",0.134253097364365,5
"1827","TTTGTGAAGGACTTAC.1",0.716355971890347,62
"1828","TTTGTGAAGGCTACTG.1",0.220548054928803,11
"1829","TTTGTGTTCATTACGA.1",0.304159331736597,20
"1830","TTTGTGTTCCGCCTAT.1",0.653956715517224,54
"1831","TTTGTTGGTGTTGCTT.1",0.662297048625653,55
