"","Chrm3","Cdk6","Il1rapl2","Gda","Trpc6","Cd34","Plcl1","Rora","Mecom","Rnf220","Dock10","Sult1a1","Magi2","Dlg2","H2afy","Slco3a1","Tox","Itsn1","Txnip","Plxdc2","Flt3","Slc22a3","Pbx1","Mmrn1","2610307P16Rik","Maml3","Ptpre","Eya4","Mdga1","Prkg1","Mllt3","Arhgap15","Sox4","Tespa1","Med12l","Satb1","Pitpnc1","Clnk","Exoc6b","Mpl","Fam117a","Alcam","St3gal1","Vav3","Pan3","Top2a","Sgms1","Tbxas1","Rad51b","Stmn1","Dnmt1","Ncam2","Abcg3","Prdm16","C530008M17Rik","Airn","Tgm2","Plac8","Samd12","Nbea","Vwf","Hacd4","Pdgfd","Cavin2","Mpo","Atp8b4","Grb10","Sell","Plxnc1","Lhcgr","9530026P05Rik","Myof","Kcnb2","Slc9a9","BC035044","Hdac9","Pdzk1ip1","Csgalnact1","Cacnb2","Car2","Cysltr2","Apoe","Tgfbr3","Neat1","Irf2bp2","Nfia","Parp8","Cmtm7","Plscr4","Pard3b","Dst","Adgrg3","Tmsb10","Prkn","Dennd4a","Hlf","Ifitm1","Clec2d","Ikzf2","Oxr1","Meis1","Pcdh7","Slc18a2","Dach1"
"Chrm3",0,0,0,0,0,0,0,0,0,0,0,0,0,0,0,0,0,0,0,0,0,0,0,0,0,0,0,0.177057356608479,0,0,0,0,0,0,0,0,-0.750623441396509,0,0,0,0,0,0,0,0,0,0,0,0,0,0,0,0,0,0,0,0,0,0,0,0,0,0,0,0,0,0,0,0,0,0,0,0,0,0,0,0,0,0,0,0,0,0,0,0,0,0,0,0,0,0,0,0,0,0,0,0,0,0,0.501246882793017,0,0,0,0
"Cdk6",0,0,0,0,-0.830423940149626,0.127182044887781,0,0,-0.473815461346633,0,0.648379052369077,0,0,0,0,0.937655860349127,0,0,0,-0.281795511221945,0,0,0,0,0.586034912718205,0,0,0,0,0,0,0.805486284289277,0,0,0,0,0,0,0,0,0.930174563591022,0,0,0,0,0,0,-0.658354114713217,0,0,0,0,0,0,0,0,0,0,0,0,0,0,0,0,0,0.316708229426434,0,0.0374064837905237,0,-0.182044887780549,0,0,0,0,0,0,0,0,0,0,0,0,0,0,0,0,0,0.498753117206983,0,0,0,0,0,0,0,0,0,0,0,0,0,0,0,0
"Il1rapl2",0,0,0,0,0,-0.309226932668329,0,0,0,0,0,0,0,0,0,-0.401496259351621,0,0,0,0,0,0,0,0,0,0,0,0,0,0,0.860349127182045,-0.149625935162095,0,-0.546134663341646,0,0,0,0,0,0,0,0,0,0,0,0,0,0,0,0,0,0,0,0,0,0,0,0,0,0,0,0,0,0,0,0,0,0,0,0,0,0,0,0,0,0,0,0,0,0,0,0,0,0,0,0,0,0,0,0,0,0,0,0,0,0,0,0,0,0,0,0,0,0
"Gda",0,0,0,0,0,0,0,0,0,0,0,0,0,0,0,0,0,0,0,0,0,0,0,0,0,0,-0.4214463840399,0,-0.391521197007481,0,0,0,0,0,0,0,0,0,0.084788029925187,0,0,0,0,0,0,0,0,0,0,0,0,0,0,0,0,0,0,0,0,0,0,0,0,0.206982543640898,0,0,0,0,0,0,0,0,0,0,0,0,0,0,0,0,0,0,0,0,0,0,0,0,0,0,0,0,0,0,0,0,0,0,0,0.972568578553616,0,0,0,0
"Trpc6",0,0,0,0,0,0,0,0,0.122194513715711,0,0,0,0,0,0,0,0,0,0,0,0,0,0,0,0,-0.456359102244389,0,0,0,0,0,0,0,0,0,0,0.0199501246882793,0,0,0,0,0,0,0,0,0,0,0,0,0,0,0,0,0,0,0,0,0,0,0,0,0,0,0,0,0,0,0,0,0,0.13715710723192,0,0,0,0,0,0,0,0,0,0,0,0,0,0,0,0,0,0,0,0,0,0,0,0,0,0.72069825436409,0,0,0,0,0,0,0
"Cd34",0,0,0,0,0,0,0,0,0,0,0,0,0,0,0,0,0,0,0,0,0.693266832917706,0,0,0,0.386533665835411,0,0.890274314214464,0,0,0,0,0,0,0,0,0,0.453865336658354,0,0,0,0,0,0,0,0,0,0,0,0,0,0,0,0,-0.316708229426434,0,0,0,0,0,0,0,0,-0.28428927680798,0,0,0,0,0,0,0,0,0,0,0,0,0,0,0,0,0,0,0,0,0,0,0,0,0,0,0,0,0,0,0,0,0,0,0,0,0,0,0,-0.723192019950125,0
"Plcl1",0,0,0,0,0,0,0,0,0,0,0,0,0,0,0,0,0,0,0,0,0,0,0,0,0,0,0,0,0,0,0,0,0,0,0,0,0,0,0,0,0,0,0,0,0,0,0,0,0,0,0,0,0,0,0,0,0,0,0,0,0.72069825436409,0,0,0,0,0,0,0,0,0,0,0,0,0,0,0,0,0,0,0,0,0,0,0,0,0,0,0,0,0,0,0,0,0,0,0,0,0,0,0,0,0,0,0
"Rora",0,0,0,0,0,-0.57356608478803,0.793017456359102,0,0,0,0,0,0,0,0,0,0,0,0,0,0,0,0,0,0,0,0,0,0,0,0,0,0,0,0,0,0,0,0,0,0,0,0,0,0,0,0,0,0,0,0,0,0,0,0,0,0,0,0,0,0,0,0,0,0,0,0,0,0,0,0,0,0,0,0,0,0,0,0,0,0,0,0,0,0,0,0,0,0,0,0,0,0,0,0,0,0,0,0,0,0,0,0,0
"Mecom",0,0,0,0,0,-0.912718204488778,0,0,0,0,-0.890274314214464,0,0,0,-0.885286783042394,-0.802992518703242,0,0,0,0.942643391521197,-0.518703241895262,0,0,0,0,-0.930174563591022,0,0,0,0,0,0,0,-0.912718204488778,0,0,0,0,0,0.912718204488778,0,0,0,0,0,0,0,0,0,0,0,0,0,0,0,0,0,-0.72069825436409,0,0,0,0.640897755610973,0,0,0,-0.795511221945137,0,-0.566084788029925,0,0,0,0,0,0,-0.124688279301746,0,0,0,0,0,0,0,0,0,0,0,0,0,0,0,0,0,0,0,0,0,0,0,0,0,0,0,0,0
"Rnf220",0,0,0,-0.0947630922693267,0,0,0,0,0,0,0,0,0,-0.513715710723192,0.645885286783042,0,0,0,0,0,0,0,-0.546134663341646,0,0.930174563591022,0,0,0,0,-0.241895261845387,-0.134663341645885,0,0,0,0,0,0,0,0,0,0,0,0,0,0,0,0,0,0,0,0.00249376558603491,0,0,0,0,0,0,0,0,0,0,0,0,0,0,0,0,0,-0.264339152119701,0,0,0,0,0,0,0,0,0,0,0,0,0,0,0,0,0,0,0,0,0,0,0,0,0,0,0,0,-0.14713216957606,0,0,-0.167082294264339,0,0,0
"Dock10",0,0,0,0,0,0.309226932668329,0,0,0,0,0,0,0.593516209476309,0,0,0,0,0,0,0,0,0,0,-0.107231920199501,0.194513715710723,0.211970074812968,0,0,0,0,-0.134663341645885,0,0,0,0,0,0,0,0,0,0.501246882793017,-0.922693266832918,0,0,0,0,0,0,0,0,0,0,0,0,0,0,0,0,0,0,0,0,0,0,0.234413965087282,0.670822942643391,0,0,0,0,0,0,0,0,0,0,0,0,0,0,0,0,0,0,0,0,0.72069825436409,0,0,0,0,0,0.760598503740648,0,0,0,0,0,0,0,0,0,0,0
"Sult1a1",0.678304239401496,0,0,0,0,0,0,0.473815461346633,0,0,0,0,0,0,0,0,0,0,0,0,0,0,0,0,0,0,0,0,0,0,0,0,0,0,0,0,0,0,0,0,0,0,0,0,0,0,0,0,0,0,0,0,0.0897755610972569,0,0,0,0,0,0,0,0,0,0,0,0,0,0,0,0,0,0,0,0,0,0,0,0,0,0,0,0,0,0,0,0,0,0,0,0,0,0,0,0,0,0,0,0,0,0,-0.0199501246882793,0,-0.0598503740648379,0,0
"Magi2",0.890274314214464,0,0,0.917705735660848,0,0,0.930174563591022,0,0,0,0,0,0,0,0,0,0,0,0,0,0,0,0,0,0,0,0,0.915211970074813,0,0,0,0,0,0,0,0,0,0,0,0,0,0,0,0,0,0,0,0,0,0,0,0.957605985037406,0,0,0,0,0,0,0,0,0,0,0,0.917705735660848,0,0,0,0,0,0,0.281795511221945,0,0.770573566084788,0,0,0,0,0,0,0,0,0,0,0,0,0,0,0,0,0,0,0,0,0,0,0,0,0,0,0,0,0,0,0
"Dlg2",0,0,0,0,0,0,0,0,0,0,0,0,0,0,0,0,0,0,0,0,-0.326683291770574,0,0.760598503740648,0.897755610972569,0,0,0,0.538653366583541,-0.538653366583541,0.917705735660848,0.301745635910224,0,0,0,0,0,0,0,0.935162094763092,0,0,0,0,0,-0.897755610972569,0,0,0.890274314214464,0,0,0,0,0,0,0,0,0,0,0,0,0,0,0,0.718204488778055,0,0,0,0,0,0,0.765586034912718,0,0,0,0,0,0,0,0,0,0,0,0,0,-0.922693266832918,0,0,0,0,0,0,0,0,0,0,0,0,0,0,0,0,0,0,0
"H2afy",0,0,0,-0.369077306733167,0,0.750623441396509,0,0,0,0.807980049875312,0,0,0,0,0,0,0,0,0,0,0,0,0,0,0.785536159600998,0,0.625935162094763,0,0,-0.760598503740648,0,0,0,0,0,0.86783042394015,0,0,0,0,0,0,0,0.613466334164589,0,0,0,0,0,0,0,0,0,0,0,0,0,0,0,0,0,-0.640897755610973,0,0,0,0,0,0,0,0,0,0,0,0,0,0,-0.880299251870324,0,0,0,0,0,0,0,0,0,0,0,0,0,0,0,0,0,0,0,0,0,0,0,0,0,0,0
"Slco3a1",0,0,0,0,-0.468827930174564,0,0,0,0,0,0,0,0,0,0,0,0,0,0,0,0,0,0,0,0,0,0,-0.027431421446384,0.85286783042394,0,0,0,0,0,0,0,0.448877805486284,0,0,0,0.311720698254364,-0.780548628428928,0,0,0,0,0,0,0,0,0.211970074812968,0,0,0,0,0,0,0,0,0,0,0,0,0,0,0.316708229426434,0,0,0,0,0,0,0,0,0,0,0,0,0,0,0.167082294264339,0,0,0,0,0,0,0,0,0,0,0,0,0,0,0,0,0,0,0,0,0,0,0
"Tox",0,0,0,0,0,0,0,0,0,-0.27431421446384,0,0,0,0,0,0,0,0,0,0,0,0,0,0,0,0,0,0.630922693266833,0,0,0,0,0,0,0,0,-0.259351620947631,0,0,0,0,0.4214463840399,0,0,0,0,0,0,0,0,-0.0872817955112219,0,0,0,0,0,0,0,0,0,0,0,0,0,0,0,0,0,0,0,0,0,0,0,0,0,0,0,0,0.379052369077307,0,0,0,0,0,0,0,0,0,0,0,-0.114713216957606,0,0,0,0,0,0,0,0,0,0,0,0
"Itsn1",0,0,0,0,0,0,0,0.219451371571072,0,0,0,0,0,0,0,0,0,0,0,0,0,0,0,0,0,0,0,0,0,0,0,0,0,0,0,0,0,0,0,0,0,0,0,0,0,0,0,0,0,0,0,0,0,0,0,0,0,0,0,0,0,0,0,0,0,0,0,0,0,0,0,0,0,0,0,0,0,0,0,0.790523690773067,0,0,0,0,0,0,0,0,0,0,0,0,0,0,0,0,0.314214463840399,0,0,0,0,0,0,0
"Txnip",0,-0.897755610972569,0,0,0,0,0,0,0.640897755610973,0,-0.149625935162095,0,0,0,0,0,0,0,0,0.635910224438903,0,-0.635910224438903,0,0,0,0,0,0,0,0,0,0,0,0,0,0,0,-0.491271820448878,0,0,-0.785536159600998,0,0,0,0,0,0,0,-0.0548628428927681,0,0,0,0,0,0,0,0,-0.371571072319202,0,0,0,0,0,0,-0.618453865336658,-0.937655860349127,0,0,0,0,0,0,0,0,0,0,0,0,0,0,0,0,0,0.86783042394015,0,0,0,0,0,0,0,0,0,0,0,0.86783042394015,0,0,0,0,0,0,0,0
"Plxdc2",0,0,0,0,0,0,0,0,0,-0.807980049875312,0,0,0,0,0,0,0,0,0,0,0,0,0,0,0,0,0,0,0,0,0,0,-0.640897755610973,0,0,0,0,0,0,0,0,0,0,0,0,0,0.850374064837905,0,0,0,0,0,0,0.685785536159601,0,0,0,0,0,0,0,0,0,0.486284289276808,0,0,0,0,0,0,0,0,0,0,0,0,0,0,0,0,0,0,0,0,0,0,0,0,0,0,0,0,0,0,0,0,0,0,0,0,0,0.354114713216958,0,0
"Flt3",0,0,0,0,0,0,0,0,0,0,0,0,0,-0.935162094763092,0.55860349127182,0,0,0,0,0,0,0,0,0,0,0,0,0,0,-0.538653366583541,0,0,0,0,0,0,0,0,0,0,0,0,0,0,0.324189526184539,0,0,0,0,0,0,-0.581047381546135,0,0,0,0,-0.246882793017456,0,0,0,0,0,0,0,0,0,0,0,0,0,0,0,0,0,0,-0.640897755610973,0,-0.770573566084788,0,0,0,0,-0.822942643391521,0,0,0,0,0.526184538653367,0,-0.718204488778055,0,0,0,0,0,0,0,0,0,0,0,0,0,-0.206982543640898
"Slc22a3",0,0,0,0,0,0,0,0,0,0,0,0,0.912718204488778,0,0,0,0,0,0,0,0,0,0,0,0,0,0,0,0.174563591022444,0,0,0,0,0,0,0,0,0,0,0,0,-0.134663341645885,0,0,0,0,0,0,0,0.0174563591022444,0,0,0,0,0,0,0,0,0,0,0,0,0,0,0,0,0,0.324189526184539,0,0,0,0,0,0,0,0,0,0,0,0,0,0,0,0,0,0,0,0.346633416458853,0,0,0,0,0,0,0,0,0,0,0,0,0,0,0,0
"Pbx1",0,0,0,0,0,0,0,0,0,0,0,0,0,0,0,0,0,0,0.389027431421446,0,0,0,0,0,0,0,0,0,0,0,0,0,0,0,0,0,0,0,0,0,0,0,0,0,0,0,0,0,0,0,0,0,0,0,0.683291770573566,0,0,0,0.112219451371571,0,0,0,0,0,0,0,0,0,0.72069825436409,0,0,0,0,0,0,0,0,0,0,0,0,0,0,0,0,0,0,0,0,0,0,0,0,0,0,0,0,0,0,0,0,0,0,0
"Mmrn1",0,0,0,0,0,0,0,0,0,0,0,0,0,0,0,0,0,0,0,0,0,0,0,0,0,0,0,0,0,0,0,0,0,0,0,0,0,0,0,0,0,0,0,0,0,0,0,0,0,0,0,0,0,0,0,0,0.812967581047382,0,0,0,0,0,0.615960099750623,0.0149625935162095,0,0,0,0,0,0.0423940149625935,0,0,0,0,0,0,0,0,0,0,0,0,0,0,0,0,0,0,0,0,0,0,-0.935162094763092,0,0,0,0,0,0,0.915211970074813,0,0,0,0
"2610307P16Rik",0,0,0,0,0,0,0,0,0,0,0,0,0,0,0,0,0,0,0,0,0,0,0,0,0,0,0,0,0,0,0,0,0,0,0,0,0,0,0,0,0,0,0,0,0,0,0,0,0,0,0,0,-0.329177057356608,0,0,0,0,0,0,0,0,0,0,0,0,0,0,-0.391521197007481,0,0,0,0,0,0,0,0,0,0,0,0,0,0,0,0,0,0,0,0.172069825436409,0,0,0,0,0,0,0,0,0,0,0,0,0,0,0,0
"Maml3",0,0,0,0,0,0,0,0,0,0,0,0,0,0,0.0349127182044888,0,0,0,0,0,0,0,0,0,0,0,0,0,0,-0.386533665835411,0,0,0,0,0,0.286783042394015,0,0,0,0,0,0,-0.167082294264339,0,0,0,0,0,0,0,0,0,-0.561097256857855,0,0,0,0,0,0,0,-0.72069825436409,0,0,0,0,0,0,0,0,0,0,0,0,0,0,0,0,0,0,0,0,0,-0.473815461346633,0,0,0,0,0.882793017456359,0,0,0,0,0,0,0,0,0,0,0,-0.548628428927681,0,0,0,0
"Ptpre",-0.498753117206983,0,0,0,0,0,-0.493765586034913,0,0,0,0,0,0,0,0,0.154613466334165,0,0,0,0,0,0,0,0,0,0,0,-0.0523690773067332,0,0,0,0,0,0,0,0,0.815461346633416,0,0,0,0,0,0,0,0,0.226932668329177,0,0,0,0,0,0,0,0,0,0,0,0,0,0,0,0,0,0,0,0,0,0,0,0,0,0,0,0,0,0,0,0,0,0,0,0,0,0,0,0,0,0,0,0,0,0,0,0,0,0,0,0,0,0.104738154613466,0,0,0,0
"Eya4",0,0,0,0,0,0,0,0,0,0,0,0,0.0748129675810474,0,0,0,0,0,0,0,0,0,0,0,0,0,0,0,-0.286783042394015,0,0,0,0,0,0,0,0,0,0,0,0,0,0,0,0,0,0,0,0,0,0,-0.266832917705736,0,0,0,0,0,0,0,0,0,0,0,0,0,0,0,0,0,0,0,0,0.336658354114713,0,0,0,0,0,0,0,0,0,0.58354114713217,0,0,0,0,0,0,0,0,0,0,0,0,0,0,0,0,0.645885286783042,0,0,0,0
"Mdga1",0,0,0,0,0,0,0,0,0,0,0,0,0,0,0,0,0,0,0,0,0,0,0,0,0,0,0,0,0,0,0,0,0,0,0,0,0.0947630922693267,0,0,0,0,0,0,0,0,0,0,0,0,0,0,0,0,0,0,0,-0.117206982543641,0,0,0,0,0,0,0,0,0,0,0,0,0,0,0,0,0,0,0,0,0,0,0,0,0,0,0,0,0,0,0,0,0,0,0,0,0,-0.0748129675810474,0,0,0,0,0.229426433915212,0,0.107231920199501,0,0
"Prkg1",0,0,0,0,0,0,0,0,0.897755610972569,0,-0.456359102244389,0,0,0,-0.965087281795511,0,0,0,0,0,0,0,0.224438902743142,0.0723192019950125,0,0,0,0,0,0,0.860349127182045,0,0,0,0,-0.86783042394015,0,-0.880299251870324,0,0,0,0,0,0,0,0,0.600997506234414,0,0,0,0,0,0,0.890274314214464,0,0,0,-0.72069825436409,0,0,0,0,0,0,0,0,0,0,0,0.770573566084788,0,0,0,0,-0.451371571072319,0,0,0,0,0,0,0,0,0,0,0,0,0,0,0,0,-0.86783042394015,0,0,0,0,0,0,0,0,0.214463840399002,0,0,0
"Mllt3",0,0,0,0,0,0,0.0498753117206983,0,0.897755610972569,0,0,0,0,0,0,-0.655860349127182,0,0,0,0.793017456359102,-0.167082294264339,0,0.917705735660848,0,0,0,0,0,0,0,0,0,0,-0.718204488778055,0,0,0,0,0,0,0,0,0,0,0,0,0,0,0,0,0,0.872817955112219,0,0,0,0,0,0,0.770573566084788,0,0,0,0,0,0,0,0,-0.14214463840399,0,0,0.922693266832918,0,0,0,0,0,0,0,0,0.790523690773067,0,0,0.937655860349127,0,0,0,0,0,0,0,0,0,0,0,0,0,0,0,0,0,0,0,0,0
"Arhgap15",0,0,0,0,0,0,0,0,0,0,0,0,0,0,0,0,0,0,0,0,0,0,0,0,0,0,0,0,0,0,0,0,0,0,0,0,0,0,0,0,0,0.0149625935162095,0,0,0,0,0,0,0,0,0,0,0.755610972568579,0,0,0,0,0,0,0,0,0,0,0,0,0,0,0,0,0,0,0,0,0,0,0,0,0,0,0,0,0,0,0,0.182044887780549,0,0,0,0,0,0,0,0,0,0,0,0,0,0,0,0,0,0,0
"Sox4",-0.0673316708229426,0,0,0,0,0,0,0,0,0,0,-0.301745635910224,0,-0.259351620947631,0,0,0,0,0,0,0,0,0,0,0,0,0,0,0,-0.0648379052369077,0,0,0,0,0,0,0,0,0,0,0,0,0,0,0,-0.0174563591022444,0,0,0,0,0,0,0,0,0,0,0,0,0,0,0,0,0,0,0,0,0,0,0,0,0,0,0,0,0,0,0,0,0,0,0,0,0,0,0,0,0,0.124688279301746,0,-0.41645885286783,0,0,0,0,0,0,0,0,0,0,0,0,0,0
"Tespa1",0,0,0,0,0,0,0,0,0,0,0,0,0,0,0.264339152119701,0,0,0,0,0,0,0,0,0,0,0,0,0,0,0,0,0,0,0,0,0.688279301745636,0,0,0,0,0.0897755610972569,0,0,0,0,0,0,0,0,0,0,0,-0.960099750623441,0,0,0,0,0,0,0,0,0,0,0,0,0,0,0,0,0,0,0,0,0,0.645885286783042,0,0,0,0,0,0,0,0,0,0,0,0,0,0,0,0,0,0,0,0,0,0,0,0,0,0,0,0,0
"Med12l",0,0,0,0,0,0,0,0,0,0,0,0,0,0,0,0,0,0,0,0,0,0,0,0,0,0,-0.13715710723192,0.443890274314214,0,0,0,0,0,0,0,0,0,0,0,0,0,0,0,0,0,0,0,0,0,0,0,0,-0.329177057356608,0,0,0,0,0,0,0,0.386533665835411,0,0,0,0,0,0,0,0,0,0,0,0,0,0,0,0,0,0,0,0,0,0,0,0,0,0,0,0,0,0.807980049875312,0,-0.596009975062344,0,0,0,0,0,0,0,0,0,0,0
"Satb1",0,0,0,0,0,0,0,-0.805486284289277,0,0,0,0,0,0,0,0,-0.541147132169576,0,0,0,0.890274314214464,0,0,0,0,0,0,0,0,0,0,0,0,0,0,0,0,0,0,-0.683291770573566,0,0,0,0,0.683291770573566,0,0,0,0,0,0,0,0,0,0,0,0,0,0,0,0,-0.0324189526184539,0,0,0,0,0,0.199501246882793,0,0,-0.43640897755611,0,0,0,0,0,0,0,0,0,0,0,0,0,0,0,0,0,0,0,0,0,0,0,0,0,0,0,0,0,0,-0.314214463840399,0,0
"Pitpnc1",0,0,0,0,0,0,0,0,0,0,0,0,0.458852867830424,0,0,0,0,0,0,0,0,0,0,0,0,0,0,0,0,0,0,0.149625935162095,0,0,0,0,0,0,0,0,0,0,0,0,0,0,0,0,0,0,0,0,-0.640897755610973,0,0.321695760598504,0,0,0,0,0,0,0,0,0,0,0,0,0,0,0,0,0,0,0,0,0,0,0,0,0,0,0,0,0,0,0,0,0,0,0,0,0,0,0,0,0,0,0,0,0.104738154613466,0,0.810473815461347,0,0
"Clnk",0,0,0.0374064837905237,0,0,0,0,0,0,0,0,-0.119700748129676,0,0,0,0,0,0,0,0,0,0,0,0,0,0,0,0,0,0,0,0,0,0,0,0,0.239401496259352,0,0,0,0,0,0,0,0,0,0,0,0,0,0,0,0,0,0,0,0.00498753117206983,0,0,0,0,0,0,0,0,0,0,0,0,0,0,0,0,0,0,0,0,0,0,0,0,0,0,0,0,0.139650872817955,0,0,0,0,0,0,0,0,0,0,0,0,0.167082294264339,-0.351620947630923,0,0.224438902743142,0,0
"Exoc6b",0,0,0,0,0,0,0,0,0,0,0,0,0,0,0,0,0,0,0,0,0,0,0,0,0,0,0,0,0,0,0,0,0,0,0,0,0,0,0,0.461346633416459,0,0,0,0,0,0,0,0,0,0,0,0,0,0,0,0,0,0,0,0,0,0,0,0,0,0,0,0,0,0,0,0,0,0,0,0,0,0,0,0,0,0,0,0,-0.763092269326683,0,0,0,0,0,0,0,0,0,0,0,0,0,0,0,0.167082294264339,0.488778054862843,0,0
"Mpl",0,0,0,0,0,0,0,0,0,0,0,0,0,0,0,0,0,0,0,0,0,0,0,0,0,0,0,0,0,0,0,0,0,0,0,-0.4214463840399,0,0,0,0,0,0,0,-0.0748129675810474,0,0,0,0,0,0,0,0,0,0,0,0,0,0,0,0,0,0,0,0,0,0,0,0,0,0,0,0,0,0,0,0,0,0,0,0,0,0,0,0,0,0,0,0,0,0,0,0,0,0,0,0,0,0,0,0,0,0,0,0
"Fam117a",0,0,0,0,0,0,0,0,0,0,0,0,0,0,0,0.521197007481297,0,0,0,0,0,0,0,0,0,0,0,0,0,0,0,0,0.0648379052369077,0,0,0,0,0,0,0,0,0,0,0,0,0,0,-0.0174563591022444,0,0,0,0,0,0,0,0,0.411471321695761,0,0,0,0,0,0,0,0,0,0,0,0,0,0,0,0,0,0,0,0,0,0,0,0,0,0,0,0,0,0,0,0,0,-0.057356608478803,0,0,0,0,0,0,0,0,0,0,0,0,0
"Alcam",0,0,0,0,0,0,0,0,0,0,0,0,0,0,-0.102244389027431,0,0,0,0,0,0,0,0,0,0,0,0,0,0,0,0,0,0,0,0,0,0,0,0,0,0,0,0,0,0,0,0,0,0,0,0,0,0.887780548628429,0,0,0,-0.553615960099751,0,0,0,0,0,0,0,0,0,0,-0.0872817955112219,0,0,0,0,0,0,0,0,0,0,0,0.084788029925187,0,0,0,0,0,0,0,0,0,0,0,0,0,0,0,0,0,0,0,-0.334164588528678,0,0,0,0
"St3gal1",0,0,0.665835411471322,0,0,0,0,0,0,0,0,0,0,0,0,0,0.832917705735661,0,0.506234413965087,0,0,0,0,0.224438902743142,0,0,0,0,0,0,0,0,0,0,0,0,0,0,0,0,0,0,0,0,0,0,0,0,0,0,0,0,0.14214463840399,0,0,0,0,0,0,0.605985037406484,0,0,0,0,0,0,0,0,0,0,0,0,0,0,0,0,0,0,0,0,0,0,0,0,0,0,0,0,0,0,0,0,0,0,0,0,0,0,0,0.172069825436409,0,0.224438902743142,0,0
"Vav3",0,0,0,0,0,0,0,0,0,0.084788029925187,0,0,0,0,0,0,0,0,0,0,0,0,0,0,0,0,0,0,0,0,0,0,0,0,0,0.144638403990025,0,0,0,0,0,0,0,0,0,0,0,0,0,0,0,0,0,0,0,0,-0.887780548628429,0,0,0,0,0,0,0,0,0,0,0,0,0,0,0,0,0,0,0,0,0,0,0,0,0,0,0,0,0,0,0.281795511221945,0,0,0,0,0,0,0,0,0,0,0,0,0,0,0,0
"Pan3",0,0,-0.798004987531172,0,0,0,0,0,0,0,0,0,0,0,0,0,0,0,0,0,0,0,0,0,0,0,0,0,0,0,0,0,0,0,0.0698254364089776,0,0,0,0,0,0,0.316708229426434,0,0,0,0,0,0,0,0,0,-0.438902743142145,0.194513715710723,0,-0.401496259351621,0,-0.745635910224439,0,0,0,-0.0598503740648379,0,0,0,0,0,0,0,0,0,0,0,0,0,0,0,0,0,0,0,0,0,-0.102244389027431,0,0,0,0,0,0,0,0,0,0,0,0,0,0,0,0,0.0548628428927681,0,0,0,0
"Top2a",0,0,0.538653366583541,0,0,0,0,0,0,0,0,0,0.755610972568579,0,0,0,0,0,0,0,0,0.401496259351621,0,0,0,0,0,0,0,0,0,0,0,0,0,0,0,0,0,0,0,0,0,0,0,0,0,0,0,0,0,0,0,0,0,0.501246882793017,0,0,0,0,0,0,0,0,0,0,0,0,0,0,0,0,0,0.236907730673317,0,0,0,0,0,0,0,0,0,0,0,0,0.236907730673317,0,0,0,0,0,0.124688279301746,0,0,0,0,0,0,-0.326683291770574,0,0,0,0.0448877805486284
"Sgms1",0,0,0,0,0,0,0,0,0,0,0,0,0,0,0,-0.0548628428927681,0,0,0,0,0,0,0.0598503740648379,0,0,-0.785536159600998,0,0,0,0,0,0,0,0,0,0,0,0,0.491271820448878,0,0,0,0,0,0,0,0,0,0,0,-0.306733167082294,0.189526184538653,0,0,0,0,0,0,0,0,0,0.231920199501247,0,0,0,0,0,0,0,0,0,0,0,0,0,0.129675810473815,0,0,0,0,0,0,0,0,0,0,0,0,0,0,0,0,0,0,0,0,0,0,0,0,0,0,0,0
"Tbxas1",0,-0.214463840399002,0,0,0,0,0,0,0,0,0,0,0,0,0,0,0,0,0,0,0,0,0,0,0,-0.0374064837905237,0,0,0,0,0,0,0,0,0,0,0,0,0.640897755610973,0.14713216957606,0,0,0,0,0,0,0,0,0,0,0,0,0,0,0,0,0,0,0.394014962593516,0,0,0,0,0,0,0,0,0,0,0.344139650872818,0,0,0,0,0,0,0,0,0,0,0,0,0,0.600997506234414,0,0,0,0,0,0,0,0,0,0,0,0,0,0,0,0,0,0,0,0
"Rad51b",0,0,0,0,0,0,0,0,0,0,0,0,0,0,0,0,0,0,-0.276807980049875,0,0,0,0,0,0,0,0,0,0,0,0,0,0,0,0,0,0,0,0,0,0,0,0,0,0,0.927680798004987,0,0,0,0.72069825436409,0,0,0,0,0,0,0,0,0,0,0,0,0,0,0,0,0,0,0,0,0,0,0,0.832917705735661,0,0,0,0,0,0,0,0,0,0,0,0,0,0,0,0,0,0,0,0,0,-0.309226932668329,0,0,0,0,0,0,0,0
"Stmn1",0,0,0,0,0,0,0,0,0,0,0,0,0,0,0,0,0,0,-0.950124688279302,0,0,0.86783042394015,0,0,0,0,0,0,0,0,0,0,0,0,0,0,0,0.0374064837905237,0,0,0,0,0,0.613466334164589,0,0.753117206982544,0,0,0,0,0.476309226932668,0,0,0,0,0,0,0,0,0,0,0,0,0,0.930174563591022,0,0,0.708229426433915,0,0,0,0,0,0,0,0,0,0,0,0,0,0,0,0,0,0,0,0,0,0,0,0,0,0,0,0,0,0,0,0,-0.790523690773067,0,0,0
"Dnmt1",0,0,0,0,0,0,0,0,-0.341645885286783,0,0,0,0,0,0,0,0,-0.773067331670823,-0.733167082294264,0,0,0,0,0,0,0,0,0,0,0,0,0,0,0,0,0,0.503740648379052,0,0,0,0,0,0,0,0,0,-0.311720698254364,0,0.770573566084788,0,0,0,-0.820448877805486,0,0,0,0,0,0,0,0,0,0,0,0.798004987531172,0,0,0,0,0,0,0,0,0,0,0,0,0,0,-0.251870324189526,0,0,0,-0.149625935162095,0,0,0,0,0,0,0,0,0,0,0,-0.553615960099751,0,-0.413965087281795,0,0,-0.790523690773067,0,0,0
"Ncam2",0,0,0,0,0,0,0.670822942643391,0,0,0,0,0,0,0,0,0,0,0,0,0,0,0,0,0,0,0,0,0.286783042394015,0,0,0,0,0,0,0,0,0,0,0,0,0,0,0,0,0,0,0,0,0,0,0,0,0,0,0,0,0,0,0,0,0,0,0,0,0,0,0,0,0,0,0,0,0,0,0,0,0,0,0,0,0,0,0,0,0,0,0,0,0,0,0,0,0,0,0,0,0,0,0,0,0,0,0,0
"Abcg3",0,0,0,0,0,0,0,0,0,0,0,0,0,0,0,0,0,0,0,0,0,0,0,0,0,0,0,0,0,0,0,0,0,0,0,0,0,0,0,0,0,0,0,0,0,0,0,0,0,0,0,0,0,0,0,0,0,0,0,0,0,0,0,0,0,0,0,0,0,0,0,0,0,0,0,0,0,0,0,0,0,0,0,0,0,0,0,0,0,0,0,0,0,0,0,0,0,0,0,0,0,0,0,0
"Prdm16",0,0,0,0,0,0,0,0,0,0,0,0,0,0,0,0,0,0.418952618453865,0,0,0,0,0,0,0,0,0,0,0,0,0,0,0,0,0,0,0,-0.491271820448878,0,0,0,0,0,0,0,0,0,0,0,0,0,0,0,0,0,0,0,0,0,0,0,0,0,0,0,0,0,0,0,0,0,0,0,0,0,0,0,0,0,0,0,0,0,0,0,0,0,0,0,0,0,-0.423940149625935,0,0,0,0,0,0,0,-0.4214463840399,0,0,0,0
"C530008M17Rik",0,0,0,0,0,0,0,0,0,0,0,0,0,0.386533665835411,0,0,0,0,0,0,0,0,0,0,0,0,0,0,0,0,0,0,0,0,0,0,0,0,0,0,0,0,0,0,0,0,0,0,0,0,0,0,-0.269326683291771,0,0,0,0.965087281795511,0,0,0,0,0,0,0,0,0,0,0,0,0,0,0,0,0,0,0,0,0,0,0,0,0,0,0,-0.476309226932668,0,0,0,0,0.56359102244389,0,0,0,0,0,0,0,0,0,-0.70573566084788,0,0,0,0
"Airn",0,0,0,0,0,0,0,0,0,0,0,0.533665835411471,0,0,0,0,0,0,0,0,0,0,0,0,0,0,0,0,0,0,0,0,0,0,0,0,0,0,0,0,0,0,0,0,0,0,0,0,0,0,0,0,0,0,0.683291770573566,0,0,0,0,0,0,0,0,0,0,0,0,0,0,0,0,0,0,0,0,0,0,0,0,0,0,0,0,0,0,0,0,0,0,0,0,0,0,0,0,0,0,0,0,0,0,0,0,0
"Tgm2",0,0,0,0.648379052369077,0,0,0,0,0,0,0,0,0,0,0,0,0,0,0,0,0,0,0,0,0,0,0,0,0,0,0,0,0,-0.0997506234413965,0,0,0,0,0,0,0,0,0,0,0,0,0,0,0,0,0,0,-0.231920199501247,0.117206982543641,0,0,0,0,0,0,0,0,0,0,0,0,0,0,0,0,0,0,0,0,0,0,0,0,0,0,0,0,0,0,0,0,0,0,0,0,0,0,0,0,0.640897755610973,0,0,0,0,0,0,0,0,0
"Plac8",0,0,-0.229426433915212,0,0,0,0,0,0,0,0,0,0.199501246882793,0,0,0,0,0,0,0,0,0,0,-0.668329177057357,0,0,0,0,0,0,0,0,0,0,0,0,0,0,0,0,0,0,0,0,0,0,0,0,0,0,0,0,0,0,0,0,0,0,0,0,0,0,0,0,0,0,0,0,0,0,0,-0.167082294264339,0,0,0,0,0,0,0,0,0,0,0,0,0.605985037406484,0,0,0.960099750623441,0,0,0,0.256857855361596,0,0,0,0,0,0,0,0,0,-0.670822942643391,0,0
"Samd12",0,-0.516209476309227,0,0,0,0,0,0,0,0,0,0,0,0,0,0,0,0,0,0,0,0,0,0,0,-0.329177057356608,0,0,0,0,0.43142144638404,-0.149625935162095,0,0,0,0,0,0,0,0,0,0,0,-0.389027431421446,0,0,0,0,0,0,0,-0.189526184538653,0,0,0,0,0,0,0,0,0,0,0,0,0,0,0,-0.835411471321696,0,0,0,0,0,0,0,0,0,0,0,0,0,0,0,0,0,0,0,0,0,0,0,-0.628428927680798,0,0,0,0,0,0,0,0,0,0,0,0
"Nbea",0,0,0,0,0,0,0,0,0,0,0,0,0,0,0,0,0,0,0,0,0,0,0,0,0,0,0,0,0,0,0,0,0,0,0,0,0,0,0.793017456359102,0,0,0,0,0,0,0,0,0,0,0,0,0,0,0,0,0,0,0,0,0,0,0,0,0,0,0,0,0,0,0.930174563591022,0,0,0,0,0,0,0,0,0,0,0,0,0.70573566084788,0,0,0,0,-0.531172069825436,0,0,0,0,0,0,0,0,0,0,0,0,0,0,0,0
"Vwf",0,0,-0.0374064837905237,0,0,0,0,0,0,0,0,0,0,0,0,0,0,0,0,0,0,0,0,0,0,0,0,0,0,0,0,0,0,0,0,0,0,0,0,0,0,0,0,0,0,0,0,0,0,0,0,0.71072319201995,0,0,0,0,0,0,0,0,0,0,0,0,0,0,0,0,0,0,0,0,0,0,0,0,0,0,0,0,0,0,0,0,0,0,0,0,0,0,0,0,0,0,0,0,0,0,0,0,0,0.159600997506234,0,0
"Hacd4",0,0,0,0,0,0,0.306733167082294,0,0,-0.401496259351621,0,0,0,0,0,0,0,0,0,0,0,0,0,0,0,0,0,0.286783042394015,-0.85286783042394,0,0,0,0,0,0,0,0,0,0,0,0,0,0,0,0,0,0,0.296758104738155,0,0,0,0,0,0,0,0,0,0,0,0,0,0,0,0,0,0,0,0,0,0,0,0,0,0,0,0,0,0,0,0,0,0,0,0,0,0,0,0,0,0,0,0,-0.760598503740648,0,0,0,0,0.773067331670823,0,0,0,0,0,0
"Pdgfd",0,0,0,0,0,0,0,0,0,0,0,0,0,0,0,0,0,0,0,0,0,0,0,0,0,0,0,0,0,0,0,0,0,0,0,0,0,0,0,0,0,0,0,0,0,0,0,0,0,0,0,0,0,0,0,0,0,0,0,0,0,0,0,0,0,0,0,0,0,0,0,0,0,0,0,0,0,0,0,0,0,0,0,0,0,0,0,0,0,0,0,0,0,0,0,0,0,0,0,0,0,0,0,0
"Cavin2",0,0,0,0,0,0,0,0,0,0,0,0,0,0,0,0,0,0,0,0,0,0,0,0,0,0,0,0,0,0,0,0,0,0,0.498753117206983,0,0,0,0,0,0,0,0,0,0,0,0,0,0,0,0,0,0,0,0,0,0,0,0,0,0,0,0,0,0,0,0,0,0,0,0,0,0,0,0,0,0,0,0,0,0,0,0,0,0,0,0,0,0,0,0,0,0,0,0,0,0,0,0,0,0,0.413965087281795,0,0
"Mpo",0,0,0,0,0,0,0,0,0,0,0,0,0,0,0,0,0,0,-0.144638403990025,0,0,0,0,0,0,0,0,0,0,0,0,0,0,0,0,0,0.428927680798005,0,0,0,0.189526184538653,0,0,0,0,0.117206982543641,0,0,0,0,0,-0.71072319201995,0,0,0,0,0,0,0,0,0,0,0,0,0,0,0,0.708229426433915,0,0,0,0,0,0,0,0,0,0,0,0,0,0,0,0,0,0,0,0,0,0,0,0,0,0,0,0,0,0,0,0,0,0,-0.0473815461346633,0
"Atp8b4",0,0,0,0,0,0,0,0,0,0.566084788029925,0,0,0,0,0,0,-0.124688279301746,0,-0.0648379052369077,0,0,0,0,0,0,0,0,0,0,0,0,0,0,0,0,0,0.216957605985037,0,0,0,0,0,0,0,0,0,0,0,0.389027431421446,0,0,0.0673316708229426,0,0,0,0,0,0,0,0,0,0,0,0,0,0,0,0,0,0,0,0,0,0,0.124688279301746,0,0,0,0,0,0,0,0,0,0,0,0,0,0,0,0,0,0,0,0,0,0,0,0,0.463840399002494,0,0,0,0
"Grb10",0,0,0,0,0,0,0,0,0,0,0,0,0,0,0,-0.259351620947631,0,0,0,0,0,0,0,0,0,0,0,0,0,0,0,0,0,0,0,0,0,0,0,0,0,0,0,0,0,0,0,0.139650872817955,0,0,0,0,-0.057356608478803,0,0,0,0,0,0,0,0,0,0.00498753117206983,0,0,0,0,0,0,0,0,0,0,0,0,0,0,0,0,0,0,0,0,0,0,0,0,0,0,0,0,0,0,0,0,0,0,0,0,0,0,0,0,0
"Sell",0,0,0,0,0,0,0,0,0,0,0,-0.832917705735661,0,0,0,0,0,0,-0.194513715710723,0,0,0,0,0,0,0,0,-0.364089775561097,0,0,0,0,0,0,0,0,0.967581047381546,0,0,0,0.630922693266833,-0.58354114713217,0,0,0,0,0,0,0,0,0,0,0,0,0,0,0.194513715710723,0,0,0,0,0,0,0,0,0,0,0,0,0,0,0,0,0,0,0,0,0,0,0,0,0,0,0,0,0,0,0,0,0,0,0,0,0,0,0,0,0,0,-0.256857855361596,0,0,0,0
"Plxnc1",0.329177057356608,0,0,0,0,0,0,0,0,0,0,0,0,0,0,0,0,0,0,0,0,0,0,0,0,0,0,0,0,0,0,0,0,0,0,0,0,-0.221945137157107,0,0,0,0,0,0,0,0,0,0,0,0,0,0,-0.466334164588529,0,0,0,0,0,0,0,0,0,0,0,0,0,0,0,0,0,0,0,0,0,0,0,0,0,0,0,0,-0.498753117206983,0,0,0,0,0,0,0,0,0,0,0,0,0,0,0,0,0,0.822942643391521,0,0,0,0
"Lhcgr",0,0,0,0,0,0,0,0,0,0,0,0,0,0,0,0,0,0,0,0,0,0,0,0,0,0,0,0,0,0,0,0,0,0,0,0,-0.526184538653367,0,0.336658354114713,0,0,0,0,0,0,0,0,0,0,0,0,0.117206982543641,0,0,0,0,0,0,0,0,0,0,0,0,0,0,0,0,0,0,0,0,0,0,0,0,0,0,0,0,0,0,0,0,0,0,0,0,0,0,0,0,-0.236907730673317,0,0,0,0,0,0,-0.334164588528678,0,0,0,0
"9530026P05Rik",0,0,0,0,0,0,0.169576059850374,0,0,0,0,0,0,0,0,0,0,0,0,0,0,0,0,0,0,0,0,0,0,0,0,0,0,0,0,0,-0.603491271820449,0,0,0,0,0,0,0,0,0,0,0,0,0,0,0,0,0,0,0,0,0,0,0,0,0,0,0,0,0,0,0,0,0,0,0,0,0,0,0,0,0,0,0,0,0,0,0,0,0,0,0,0,0,0,0,0,0,0,0,0,0,0,0,0,0,0,0
"Myof",0,0,0,0,0,0,0,0,0,0,0,0,0,0,0,0,0,0,0,0,0,-0.0473815461346633,0,0,-0.386533665835411,0,0,0,-0.658354114713217,0,0,0,0,0,0,0,0,0,0,0,0,0,0,0,0,0,0,0,0,0,0,0,0,0,0,0,0,0,0,0,0,0,0,0,0,0,0,0,0,0,0,0,0,0,0,0,0,0,0,0,0,0,0,0,0,0,0,-0.635910224438903,0,0,0,0,0,0,0,0,0,0,0,-0.0548628428927681,0,0,0,0
"Kcnb2",0,0,0,0,0,0,0,0,0,0,0,0,0,0,0,0,0,0,0,0,0,0,0,0,0,0,0,0,0,0,0,0,0,0,0,0,0,0,0,0,0,0,0,0,0,0,0,0,0,0,0,0,0,0,0,0,0,0,0,0,0,0,0,0,0,0,0,0,0,0,0,0,0,0,0,0,0,0,0,0,0,0,0,0,0,0,0,0,0,0,0,0,0,0,0,0,0,0,0,0,0,0,0,0
"Slc9a9",0,0,0,0,0,0,0,0,0,0,0,0,0,0,0,0,0,0,0,0,0,0,0,0,0,0,0,0,0,0,0,0,0,0,0,0,-0.14214463840399,0,0,-0.029925187032419,0,0,0,0,0,0,0,0,0,0,0,0,0,0,0.0473815461346633,0,0,0,0,0,0,0,0,0,0,0,0,0,0,0,0,0,0,0,0,0,0,0,0,0,0,0,0,0,0.364089775561097,0,0,0,0,0,0,0,0,0,0,0,0,0,0,0.286783042394015,0,0,0,0
"BC035044",0,0,0,0,0,0,0,0,0,0,0,0,0,0,0.753117206982544,0,0,0,0,0,0,0,0,0,0,0,0,0,0,0,0,0,0,0,0.259351620947631,0,0,0,0,0,0,0,0,0,0,0,-0.114713216957606,0,0,0,0,0,0,0,0.249376558603491,0,0,0,0,0,0,0,0,0,0,0,0,0.900249376558603,0,0,0,0,0,0,0,0,0,0,0,0,0,0,0,0,0,0,0,0,0,0,0,0,0,0,0,-0.117206982543641,0,0,0,0,0,0,0,0
"Hdac9",0,0,0.930174563591022,0,0,0,0,0,0,0,0,0,0,0.670822942643391,0,0,0,0,0,0,0,0,0,0,0,0,0,0,0,0,0,0,0,0,0,0,0,0,0,0,0,0,0,0,0,0,0,0,0,0,0,0,0,0,0.927680798004987,0,0,0,0,0,0,0,0,0,0,0,0,0,0,0,0,0,0,0,0,0,0,0,0,0,0,0,0,0,0,0,0,-0.244389027431421,0,0,0,0,0,0,0,0,0,0,0,0,0,0,0,0
"Pdzk1ip1",0,0,0,0,0,0,0,0,0,0,0,0,0,0,0,0,0,0,0,0,0,0,0,0,0,0,-0.13715710723192,0,0,0,0,0,0,0,0,0,0,0,0,0,0,0,0,0,0,0,0,0,0,0,0,0,0,0,0,0,-0.296758104738155,0,0,0,0,0,0.86783042394015,0,0,0,0,0,0,0,0.618453865336658,0,0,0,0,0,0,0,0,0,0,0,0,0,0,0,0,0,0,0,0,0,0,0,0,0,0,0,0,0,0,0,0,0
"Csgalnact1",0,0,0,0,0,0,0,0,0,0,0,0,0,0.802992518703242,0,0,0,0,0,0,0,0,0,0,0,0,0,0,0,0,0,0,0,0,0,0,0,0,0,0.28927680798005,0,0,0,-0.261845386533666,0,0,0,0,0,0,0,0,0,0,0,0,0,0,0,0,0,0,0,0,0,0,0,0,0,0,0,0,0,0,0,0,0,0,0,0,0,0,0,0,0,0.329177057356608,0,0,0,0.28927680798005,0,0,0,0,0,0,0,0,0,0,0,0.413965087281795,0,0.381546134663342
"Cacnb2",0,0,0,0,0,0,0,0,0,0,0,0,0,0,0,0,0,0,0,0,0,0,0,0,0,0,0,0,0,0,0,0,0,0,0,0,0.321695760598504,0,0,0,0,0,0,0,0,0,0,0,0,0,0,0,0,0,0,0,0,0,0,0,0,0,0,0,0,0,0,0,0,0,0,0,0,0,0,0,0,0,0,0,0,0,0,0,0,0,0,0,0,0,0,0,0,0,0,0,0,0,0,0,0,0,0,0
"Car2",0,0,0,0,0.182044887780549,0,0,0,0,0,0,0,0,0,0,0,0,0,0,0,0,0,0,0,0,0,0,0,0,0,0,0,0,0,0,0,0,0,0,0,0,0,0,0,0,0,0,0,0,0,0,0,0,0,0.179551122194514,0,0,0,0,0,0,0,0,0,0,-0.119700748129676,0,0,0,0,0,0,0,0,0,0,0,0,0,0,0,0,0,0,0,0,0,0,0,0,0,0,0,0,0,0,0,0,0,0,0,0,0,0
"Cysltr2",0,0,0,0,0,0,0,0,0,0,0,0,0,0,0,0,0,0,0,0,0,0,0,0,0,0,0,0,0,0,0,0,0,0,0,0,0,0,0,0,0,0,0,0,0,0,0,0,0,0,0,0,0,0,0,0,0.117206982543641,0,0,0,0,0,0,0,0,0,0,0,0,0,0,0,0,0,0,0,0,0,0,0,0,0,0,0,0,0.832917705735661,0,0,0,0,0,0,0,0,0,0,0,0,0,0,0,0,0,0
"Apoe",0,0,0.433915211970075,0,0,0,0,0,0,0,0,0,-0.346633416458853,0,0,0,0,0,0,0,0,0,0,0,0,0,0,0,0,0,0,0,0,0,-0.807980049875312,0,0,0,0,0,0,0,0,0,0,0,0,0,0,-0.301745635910224,0,0.506234413965087,0,0,0,0,0,0,0,0,0,0,0,0,0,0,0,0,0,0,0,0,0,0,0,0,0,0,0,0,0,0,0,0,0,0,0,0,0,0,0,0,0,0,0,0,0,0,0,-0.675810473815461,0,0,0,0
"Tgfbr3",0,0,0,0,0,0,0,0,0,0,0,0,0.00249376558603491,0.0498753117206983,0,0,0,0,0,0,0,0,0,0,0,0,0,0,0,0,0,0,0,0,0,0,0.321695760598504,0,0,0,0,0,0,0,0,0,0,0,0,0,0,0,0,0,0,0,0,0,0,0,0,0,0,0,0,0,0,0,0,0,0,0,0.0548628428927681,0,0,0,0,0,0,0,0,0,0,0,0,0,0,0,0.643391521197007,0,0.369077306733167,0,0,0,0,0,0,0,0,0,0,0.895261845386534,0,0.591022443890274
"Neat1",0,0,0.14214463840399,0,0,0,0,0,0,0,0,0,0,0,0,0,0,0,0,0,0,0,0,0,0,0,0,0,0,0,0,0,0,0,0,0,0,0,0,0,0,0,0,0,0,0,0,0,0,0,-0.805486284289277,0,0,0,0,0,0,0,0,0,0,0,0,0,0,0,0,0,0,0,0,0,0,0,0,0,0,0,0,0.084788029925187,0,0,0,0,0,0,0,0,0,0,0,0,0,0,0,0,0,0,0,0,0,0,0,0
"Irf2bp2",0,0,0,0,0,0,0,0,0,0,0,0,0,0,0,0,0,0,0,0,0,0,0,0,0,0,0,0,0,0,0,0,0,0,0,0,0,0,0,0,0,0,0,0,0,0,0,0,0,0,0,0,0,0,0,0,-0.613466334164589,0,0,0,0,0,0,0,0,0,0,0,0,0,0,0,0,0,0,0,0,0,0,0,0,0,0,0,0,0,0,0,0,0,0,0,0,0,0,0,0,0,0,0,0,0,0,0
"Nfia",0,0,0,0,0,0,0,0,0,0,0,0,0,0,0,0,0,0,0,0,0,0,0,0,0,0,0,0,0,0,0,0,0,0,0,0,-0.177057356608479,0,0.197007481296758,0,0,0.58354114713217,0,0,0,0,0,0,0,0,-0.476309226932668,0,0,0,0,0,0,0,0,0,0,0,0,0,0,0,0,0,0,0,0,0,0,0,0,0,0,0,0,0,0,0,0,0,0,0,0,0.057356608478803,0,0,0,0,0,0,0,0,0,0,0,0,0,0,0,0
"Parp8",0,0,0,0,0,0,0,0,0,0,0,0,0,0,0,0,0,0,0,0,0,0,0,0,0,0,0,0,0,0,0,0,0,0,0,0,-0.451371571072319,0,0,0,0,0,0,0,0,0,0,0,0,0,0,0,0,0,0,0,0,0,0,0,0,0,0,0,0,0,0,0,0,0,0,0,0,0,0,0,0,0,0,0,0,0,0,0,0.266832917705736,0,0,0.346633416458853,0,0,0,0,0.0473815461346633,0,0,0,0,0,0,0,0,0,0,0
"Cmtm7",0,0,0,0,0,0,0,0,0,0,0,0,0,0,0,0,0,0,0,0,0,0,0,0,0,0,0,0,0,0,0,0,0,0,0,0,0.386533665835411,0,0,0,0,0.134663341645885,0,0,0,0,0,0,0,0,0,0,0.466334164588529,0,0,0,0,0,0,0,0,0,0,0,0,0,0,0,0,0,0,0,0,0,0,0,0,0,0,0,0,0,-0.174563591022444,0,0,0.556109725685786,0,0,0,0,0,0,0,0,0,0,0,0,0,0,0,0,0,0
"Plscr4",0,0,0,0,0,0,0,0,0,0,0,0,0,0,0,0,0,0,0,0,0,0,0,0,0,0,0,0,0,0,0,0,0,0,0,0,0,0,0,0,0,0,0,0,0,0,0,0.466334164588529,0,0,0,0,-0.0224438902743142,0,0,0,0,0,0,0,0,0,0,0,0,0,0,0,0,0,0,0,0,0,0,0,0,0,0,0,0,0,0,0,-0.104738154613466,0,0,0,0,0,0,0,0,0,0,0,0,0,0,0,0,0,0,0
"Pard3b",0,0,0,0,0,0,0,0,0,0,0,0,0,0,0,0,0,0,0,0,0,0,0,0,0,0,0,0.129675810473815,0,0,0,0,0,0,0,0,0,0,0,0,0,0,0,0,0,0,0,0,0,0,0,0,0,0,0,0,0,0,0,0,0,0,0,0,0,0,0,0,0,0,0,0,0,0,0,0,0,0,0,0,0,0,0,0,0,0,0,0,0,0,0,0,0,0,0,0,0,0,-0.643391521197007,0,0,0,0,0
"Dst",0,0,0,0,0,0,0,0,0,0,0,0,0,0,0,0,0,0,0,0,0,0,0,0,0,0,0,0.541147132169576,0,0,0,0,0,0,0,0,0,0,0,0,0,0,0,0,0,0,0,0,0,0,0,0,0,0,0,0,0,0,0,0,0,0,0,0,0,0,0,0,0,0,0,0,0,0,0,0,0,0,0,0,0,0,0,0,0,0,0,0,0,0,0,0,-0.336658354114713,0,0,0,0,0,0,0,0,0,0,0
"Adgrg3",0,0,0,0,0,0,0,0,0,0,0,0,0,0,0,0,0,0,0,0,0,0,0,0,0,0,0,0,0,0,0,0,0,0,0,0,0,0,0,0,0,0,0,0,0,0,0,0,0,0,0,0.319201995012469,0,0,-0.104738154613466,0,0.354114713216958,0,0,-0.319201995012469,0,0,0,0,0,0,0,0,0,0,0,0,0,0,0,0,0,0,0,0,0,0,0,0,0,0,0,0.453865336658354,0,0,0,0,0,0,0,0,0,0,0,-0.386533665835411,0,-0.251870324189526,0,0
"Tmsb10",0,0,0,0,0,0,0,0,0,0,0,0,0,0,0,0,0,0,0,0,0,0,0,0,0,0,0,0,0,0,0,0,0,0,0,0,0,0,0,0,0,0,0,0,0,0,0,0,0,0,0,0,0,0,0,0,0,0,0,0,-0.216957605985037,0,0,0,0,0,0,0,0,0,0,0,0,0,0,0,0,0,0,0,0,0,0,0,0,0,0,0,0,-0.0822942643391521,0,0,0,0,0,0,0,0,0,-0.201995012468828,0,0,0,0
"Prkn",0,0,0.331670822942643,0,0,0,0,0.00498753117206983,0,0,0,0,0,0,0,0,0,0,0,0,0,0,0,0,0,0,0,0,0,0,0,0,0,0,0,0,0,0,0,0,0,0,0,0,-0.486284289276808,0,0,0,0,0,0,0,0,0,0,0,0,0,0,0,0,0,0,0,0,0,0,0,0,0,0,0,0,0,0,0,0,0,0,0,0,0,0,0,0,0,0,-0.201995012468828,0,0,0,0,0,0,0,0,0,0,0,0,0,0,0,0
"Dennd4a",0,0,0,0,0,0,0,0,0,0,0,0,0,0,0,0,0,0,0,0,0,-0.201995012468828,0,0,0,0,0,0.790523690773067,0,0,0,0,0,-0.341645885286783,0,0,0,0,0,0,0,0,0,0,0,0,0,0,0,0,0,0,0,0,0.486284289276808,0,0,0,0,0,0,0,0,0,0,0,0,0,0,0,0,0,0,0,0,0,0,0,0,0,0,0,0,0,0,0,0,0,0,0.897755610972569,0,0,-0.471321695760599,0,0,0,0,0,0,0,0,0,0,0
"Hlf",0,-0.708229426433915,0,0,0,0,0,0,0,0,0,0,0,0,0,0,0,0.162094763092269,0.521197007481297,0.0997506234413965,0,0,0,0,0,0,0,0,0,0,0,0,0,0,0,0,0,0,0,0,0,0,0,0,0,0,0,0,0,0,-0.930174563591022,0,0.14214463840399,0,0,0,0,0,0,0,0,0,0,0,-0.618453865336658,-0.316708229426434,0,-0.965087281795511,0,0,0,0,0,-0.498753117206983,0,0,0,0,0,0,0,0,0,0.391521197007481,0,0,0,0,0,0,0,0,0,0,0,0,0,0,0,0,0,0,0,0
"Ifitm1",0,0,0,0,0,0,0,0,0,0,0,0,0,0,0,0,0,0,0,0,0,0,0,0,0,0,0,0,0,0,0,0,0,0,0,0,0,0,0,0,0,0,0,0,0,-0.356608478802993,0,0,0,0,0,0,0.695760598503741,0,0,0,0,0,0,0,0,0,0,0,0,0,0,0,0,0,0,0,0,-0.0374064837905237,0,0,0,0,0,0,0,0,-0.0399002493765586,0,0,0,0,0,0,0,0,0,0,-0.503740648379052,0,0,0,0,0,0,0,0,0,0
"Clec2d",0,0,0,0,0,0,0,0,0,0,0,0,0,0,0,0,0,0,0,0.281795511221945,0,0,0,0,0,0,0,0,0,0,0,0,0,0,0,0,0,0,0,0,0,0,0,0,0,0,0,0,0,0,0,0,0,0,0,0,-0.0498753117206983,0,0,0,0,0,0,0,0,0,0,0,0,0,0,0,0,0,0,0,0,0,0,0,0,0,0,0,0,0,0,0.057356608478803,0,0,0,0,0,0,0,0,0,0,0,0,0,0,0,0
"Ikzf2",0,0,0,0,0,0,0,0,0,0,0,0,0,0,0,0,0,0,0.0249376558603491,0,0,0,0,0,0,0,0,0,0,0,0,0,0,0,0,0,0.603491271820449,0,0,0,0,0,0,0,0,0,0,0,0,0,0,0,-0.396508728179551,0,0,0,-0.675810473815461,0,0,0,0,0,0,0,0,0,0,0,0,0,0,0,0,0,0,0,0,0,0,0,0,0,0,0,0,0,0,0,0.167082294264339,0,0,0,0,0,0,0,0,0,0,0.144638403990025,0,0.526184538653367,0,0
"Oxr1",0.192019950124688,0,0,0,0,0,0,0,0,0,0,0,0,0,0,0,0,0,0,0,0,0,0,0,0,0,0,0,0,0,0,0,0,0,0,0,0,0,0,0,0,0,0,0,0,0,0,0,0,0,0,0.379052369077307,0,0,0,0,0,0,0,0.319201995012469,0,0,0,0,0,0,0,-0.256857855361596,0,0,0,0,0,0,0,0,0,0.149625935162095,0,0,0,0,0,0,0,0,0,0,0,0.177057356608479,0,0,0,0,0,0,0,0,0,0,0,0,0,0
"Meis1",0,0,0,0,0,0,0,0,0,0,0,0,0,0,-0.386533665835411,0,0,0,0.850374064837905,0,0,0,0,0.473815461346633,0,-0.620947630922693,0,0,-0.0897755610972569,0,0.57356608478803,0,0,0,0,0,0,0,0,0,0,0,0,-0.890274314214464,0,-0.588528678304239,0,0,0,0,-0.678304239401496,0.0224438902743142,0,0,0,0,0,0,0,0.102244389027431,0,0,0,0,-0.391521197007481,-0.538653366583541,0,0,0,0,0,0,0,0,-0.890274314214464,0,0.241895261845387,0,0,0,0,0,0.249376558603491,0,0,0,0,0,0,0,0,0,0,0,0,0,0,0,0,0,0,0,0,0
"Pcdh7",0,0,0,0,0,0,0,0,0,0,0,0,0,0,-0.471321695760599,0,0.316708229426434,0,0,0,0,0,0,0,0,0,0,0,0,0,0,0,0,0,0,0,0,0,0,0,0,0,0,0,0,0,0,0,0,0,0,0,0,0,0,0,0.486284289276808,0,0,0,0,0,0,0,0,0,0,0,0,0,0,0,0,0,0,0,0,0,0,0.533665835411471,0,0,0,0,0,0,0,0,0,0,0,0,0,0,0,0,0,0,0,0,0,0,0,0.86783042394015
"Slc18a2",0,0,0,0,0,0,0,0,0.226932668329177,0,0,0,0,0,0,0,0,0,0,0,0,0,0,0,0,0,0,0,0,0,0,0,0,0,0,0,0.0947630922693267,0,0,0,0,0,0,0,-0.162094763092269,0,0,0,0,0,0,0,0,0,0,0,0,0,0,0.85286783042394,0,0,0,0,0,0,0,0,0,0.531172069825436,0,0,0,0,0,0,0.571072319201995,0,0,0,0,0,0,0,0,0,0,0,0,0,0,0,0,0,0,0,0,0,0,0,0.528678304239402,0,0,0
"Dach1",0,0,0,0,0,0,0,0,0,0,0,0,0.199501246882793,0.164588528678304,-0.169576059850374,0,0,0,0,0,0,0,0,0,0,0,0,0,0,0,0,0,0,0,0,0,0,0,0,0,0,0,0,0,0,0,0,0,0,0,0,0,-0.561097256857855,0,0.683291770573566,0,0,0,0,0,0,0,0,0,0,0,0,0,0,0,0,0,0,0,0,0,0,0,0,0,0,0,0.364089775561097,0,-0.0374064837905237,0,0,0,0,0,0.369077306733167,0,0,0,0,0,0,0,0,0,0,0.962593516209476,0.321695760598504,0
